timestamp,coin,symbol,fundingRate
1744732800001,MORPHO,MORPHOUSDT,-0.00002562
1744747200000,MORPHO,MORPHOUSDT,-0.00044368
1744761600000,MORPHO,MORPHOUSDT,-0.00039544
1744776000000,MORPHO,MORPHOUSDT,-0.00040187
1744790400000,MORPHO,MORPHOUSDT,0.00002622
1744804800000,MORPHO,MORPHOUSDT,0.00000138
1744819200000,MORPHO,MORPHOUSDT,-0.00004278
1744833600000,MORPHO,MORPHOUSDT,-0.00019631
1744848000001,MORPHO,MORPHOUSDT,-0.00021684
1744862400000,MORPHO,MORPHOUSDT,-0.00027411
1744876800000,MORPHO,MORPHOUSDT,-0.00026293
1744891200000,MORPHO,MORPHOUSDT,0.00001112
1744905600001,MORPHO,MORPHOUSDT,-0.00088671
1744920000001,MORPHO,MORPHOUSDT,-0.00038937
1744934400000,MORPHO,MORPHOUSDT,-0.00044192
1744948800000,MORPHO,MORPHOUSDT,-0.00041363
1744963200000,MORPHO,MORPHOUSDT,-0.00037364
1744977600000,MORPHO,MORPHOUSDT,-0.00044244
1744992000000,MORPHO,MORPHOUSDT,-0.00061382
1745006400000,MORPHO,MORPHOUSDT,-0.00059153
1745020800000,MORPHO,MORPHOUSDT,-0.00033658
1745035200000,MORPHO,MORPHOUSDT,-0.00033341
1745049600000,MORPHO,MORPHOUSDT,-0.00052039
1745064000000,MORPHO,MORPHOUSDT,-0.00040229
1745078400000,MORPHO,MORPHOUSDT,-0.00010516
1745092800000,MORPHO,MORPHOUSDT,-0.00052599
1745107200000,MORPHO,MORPHOUSDT,-0.00027040
1745121600000,MORPHO,MORPHOUSDT,-0.00030649
1745136000000,MORPHO,MORPHOUSDT,-0.00007899
1745150400001,MORPHO,MORPHOUSDT,-0.00030947
1745164800000,MORPHO,MORPHOUSDT,-0.00011773
1745179200000,MORPHO,MORPHOUSDT,-0.00016605
1745193600000,MORPHO,MORPHOUSDT,-0.00022187
1745208000000,MORPHO,MORPHOUSDT,-0.00048271
1745222400005,MORPHO,MORPHOUSDT,-0.00007264
1745236800002,MORPHO,MORPHOUSDT,-0.00024049
1745251200003,MORPHO,MORPHOUSDT,-0.00039923
1745265600006,MORPHO,MORPHOUSDT,-0.00021339
1745280000008,MORPHO,MORPHOUSDT,0.00005000
1745294400000,MORPHO,MORPHOUSDT,-0.00004793
1745308800000,MORPHO,MORPHOUSDT,-0.00008780
1745323200001,MORPHO,MORPHOUSDT,0.00005000
1745337600000,MORPHO,MORPHOUSDT,-0.00008344
1745352000004,MORPHO,MORPHOUSDT,0.00005000
1745366400000,MORPHO,MORPHOUSDT,-0.00006927
1745380800000,MORPHO,MORPHOUSDT,0.00005000
1745395200002,MORPHO,MORPHOUSDT,0.00003654
1745409600005,MORPHO,MORPHOUSDT,-0.00025599
1745424000000,MORPHO,MORPHOUSDT,-0.00000835
1745438400001,MORPHO,MORPHOUSDT,0.00005000
1745452800000,MORPHO,MORPHOUSDT,0.00005000
1745467200003,MORPHO,MORPHOUSDT,0.00005000
1745481600001,MORPHO,MORPHOUSDT,0.00005000
1745496000001,MORPHO,MORPHOUSDT,0.00005000
1745510400001,MORPHO,MORPHOUSDT,0.00005000
1745524800006,MORPHO,MORPHOUSDT,-0.00002489
1745539200007,MORPHO,MORPHOUSDT,-0.00004132
1745553600001,MORPHO,MORPHOUSDT,0.00004552
1745568000002,MORPHO,MORPHOUSDT,0.00005000
1745582400000,MORPHO,MORPHOUSDT,0.00005000
1745596800003,MORPHO,MORPHOUSDT,-0.00006796
1745611200001,MORPHO,MORPHOUSDT,-0.00001570
1745625600002,MORPHO,MORPHOUSDT,0.00005000
1745640000001,MORPHO,MORPHOUSDT,0.00005000
1745654400000,MORPHO,MORPHOUSDT,0.00005000
1745668800000,MORPHO,MORPHOUSDT,-0.00019876
1745683200002,MORPHO,MORPHOUSDT,0.00005000
1745697600000,MORPHO,MORPHOUSDT,0.00005000
1745712000001,MORPHO,MORPHOUSDT,0.00005000
1745726400001,MORPHO,MORPHOUSDT,-0.00008679
1745740800000,MORPHO,MORPHOUSDT,-0.00002021
1745755200000,MORPHO,MORPHOUSDT,0.00005000
1745769600000,MORPHO,MORPHOUSDT,0.00005000
1745784000003,MORPHO,MORPHOUSDT,0.00005000
1745798400001,MORPHO,MORPHOUSDT,0.00000192
1745812800001,MORPHO,MORPHOUSDT,0.00005000
1745827200003,MORPHO,MORPHOUSDT,0.00005000
1745841600000,MORPHO,MORPHOUSDT,0.00005000
1745856000005,MORPHO,MORPHOUSDT,0.00005000
1745870400002,MORPHO,MORPHOUSDT,0.00005000
1745884800000,MORPHO,MORPHOUSDT,0.00005000
1745899200000,MORPHO,MORPHOUSDT,0.00005000
1745913600000,MORPHO,MORPHOUSDT,0.00005000
1745928000001,MORPHO,MORPHOUSDT,0.00005000
1745942400010,MORPHO,MORPHOUSDT,-0.00013908
1745956800002,MORPHO,MORPHOUSDT,-0.00049181
1745971200001,MORPHO,MORPHOUSDT,-0.00001221
1745985600001,MORPHO,MORPHOUSDT,-0.00024294
1746000000000,MORPHO,MORPHOUSDT,-0.00052780
1746014400001,MORPHO,MORPHOUSDT,0.00005000
1746028800003,MORPHO,MORPHOUSDT,0.00005000
1746043200002,MORPHO,MORPHOUSDT,0.00005000
1746057600000,MORPHO,MORPHOUSDT,0.00005000
1746072000008,MORPHO,MORPHOUSDT,0.00005000
1746086400000,MORPHO,MORPHOUSDT,0.00005000
1746100800001,MORPHO,MORPHOUSDT,0.00005000
1746115200001,MORPHO,MORPHOUSDT,0.00005000
1746129600000,MORPHO,MORPHOUSDT,0.00005000
1746144000000,MORPHO,MORPHOUSDT,-0.00017838
1746158400000,MORPHO,MORPHOUSDT,-0.00015085
1746172800000,MORPHO,MORPHOUSDT,0.00005000
1746187200005,MORPHO,MORPHOUSDT,0.00004112
1746201600003,MORPHO,MORPHOUSDT,0.00001847
1746216000003,MORPHO,MORPHOUSDT,-0.00019493
1746230400000,MORPHO,MORPHOUSDT,0.00005000
1746244800001,MORPHO,MORPHOUSDT,0.00005000
1746259200000,MORPHO,MORPHOUSDT,0.00005000
1746273600006,MORPHO,MORPHOUSDT,-0.00008673
1746288000000,MORPHO,MORPHOUSDT,0.00000995
1746302400000,MORPHO,MORPHOUSDT,0.00005000
1746316800001,MORPHO,MORPHOUSDT,-0.00024311
1746331200004,MORPHO,MORPHOUSDT,-0.00001555
1746345600001,MORPHO,MORPHOUSDT,-0.00015807
1746360000006,MORPHO,MORPHOUSDT,-0.00030704
1746374400002,MORPHO,MORPHOUSDT,-0.00004786
1746388800000,MORPHO,MORPHOUSDT,-0.00004260
1746403200000,MORPHO,MORPHOUSDT,-0.00010918
1746417600000,MORPHO,MORPHOUSDT,0.00005000
1746432000000,MORPHO,MORPHOUSDT,0.00005000
1746446400000,MORPHO,MORPHOUSDT,-0.00030939
1746460800006,MORPHO,MORPHOUSDT,0.00003239
1746475200000,MORPHO,MORPHOUSDT,0.00005000
1746489600002,MORPHO,MORPHOUSDT,-0.00011245
1746504000000,MORPHO,MORPHOUSDT,0.00005000
1746518400005,MORPHO,MORPHOUSDT,0.00005000
1746532800000,MORPHO,MORPHOUSDT,-0.00022214
1746547200000,MORPHO,MORPHOUSDT,-0.00017703
1746561600000,MORPHO,MORPHOUSDT,0.00005000
1746576000002,MORPHO,MORPHOUSDT,0.00005000
1746590400004,MORPHO,MORPHOUSDT,-0.00004491
1746604800000,MORPHO,MORPHOUSDT,0.00005000
1746619200000,MORPHO,MORPHOUSDT,0.00005000
1746633600006,MORPHO,MORPHOUSDT,-0.00015360
1746648000000,MORPHO,MORPHOUSDT,-0.00033960
1746662400000,MORPHO,MORPHOUSDT,-0.00073567
1746676800005,MORPHO,MORPHOUSDT,0.00005000
1746691200001,MORPHO,MORPHOUSDT,0.00005000
1746705600000,MORPHO,MORPHOUSDT,0.00005000
1746720000002,MORPHO,MORPHOUSDT,-0.00005110
1746734400006,MORPHO,MORPHOUSDT,0.00005000
1746748800001,MORPHO,MORPHOUSDT,0.00005000
1746763200000,MORPHO,MORPHOUSDT,0.00005000
1746777600006,MORPHO,MORPHOUSDT,0.00005000
1746792000000,MORPHO,MORPHOUSDT,0.00005000
1746806400000,MORPHO,MORPHOUSDT,0.00005000
1746820800000,MORPHO,MORPHOUSDT,0.00005000
1746835200001,MORPHO,MORPHOUSDT,0.00005000
1746849600003,MORPHO,MORPHOUSDT,0.00005000
1746864000000,MORPHO,MORPHOUSDT,0.00005000
1746878400000,MORPHO,MORPHOUSDT,-0.00002287
1746892800001,MORPHO,MORPHOUSDT,0.00005000
1746907200000,MORPHO,MORPHOUSDT,0.00005000
1746921600000,MORPHO,MORPHOUSDT,0.00005000
1746936000000,MORPHO,MORPHOUSDT,0.00005000
1746950400001,MORPHO,MORPHOUSDT,0.00005000
1746964800001,MORPHO,MORPHOUSDT,0.00005000
1746979200001,MORPHO,MORPHOUSDT,0.00005000
1746993600000,MORPHO,MORPHOUSDT,0.00005000
1747008000004,MORPHO,MORPHOUSDT,0.00005000
1747022400003,MORPHO,MORPHOUSDT,0.00005000
1747036800000,MORPHO,MORPHOUSDT,0.00005000
1747051200000,MORPHO,MORPHOUSDT,0.00005000
1747065600000,MORPHO,MORPHOUSDT,0.00005000
1747080000004,MORPHO,MORPHOUSDT,0.00005000
1747094400000,MORPHO,MORPHOUSDT,0.00005000
1747108800000,MORPHO,MORPHOUSDT,0.00005000
1747123200008,MORPHO,MORPHOUSDT,0.00005000
1747137600000,MORPHO,MORPHOUSDT,0.00005000
1747152000001,MORPHO,MORPHOUSDT,0.00005000
1747166400006,MORPHO,MORPHOUSDT,0.00005000
1747180800007,MORPHO,MORPHOUSDT,0.00005000
1747195200000,MORPHO,MORPHOUSDT,0.00005000
1747209600000,MORPHO,MORPHOUSDT,0.00005000
1747224000000,MORPHO,MORPHOUSDT,0.00005000
1747238400002,MORPHO,MORPHOUSDT,0.00005000
1747252800007,MORPHO,MORPHOUSDT,0.00005000
1747267200000,MORPHO,MORPHOUSDT,0.00005000
1747281600000,MORPHO,MORPHOUSDT,-0.00000707
1747296000003,MORPHO,MORPHOUSDT,-0.00008152
1747310400000,MORPHO,MORPHOUSDT,0.00005000
1744732800001,ORDI,ORDIUSDT,0.00000872
1744747200000,ORDI,ORDIUSDT,0.00005000
1744761600000,ORDI,ORDIUSDT,-0.00002321
1744776000000,ORDI,ORDIUSDT,0.00005000
1744790400000,ORDI,ORDIUSDT,0.00005000
1744804800000,ORDI,ORDIUSDT,0.00002023
1744819200000,ORDI,ORDIUSDT,-0.00003623
1744833600000,ORDI,ORDIUSDT,0.00004460
1744848000001,ORDI,ORDIUSDT,-0.00001482
1744862400000,ORDI,ORDIUSDT,0.00003473
1744876800000,ORDI,ORDIUSDT,-0.00000145
1744891200000,ORDI,ORDIUSDT,-0.00002554
1744905600001,ORDI,ORDIUSDT,0.00001236
1744920000001,ORDI,ORDIUSDT,0.00005000
1744934400000,ORDI,ORDIUSDT,0.00005000
1744948800000,ORDI,ORDIUSDT,0.00005000
1744963200000,ORDI,ORDIUSDT,0.00005000
1744977600000,ORDI,ORDIUSDT,0.00005000
1744992000000,ORDI,ORDIUSDT,0.00005000
1745006400000,ORDI,ORDIUSDT,0.00005000
1745020800000,ORDI,ORDIUSDT,0.00000997
1745035200000,ORDI,ORDIUSDT,0.00005000
1745049600000,ORDI,ORDIUSDT,0.00005000
1745064000000,ORDI,ORDIUSDT,0.00005000
1745078400000,ORDI,ORDIUSDT,0.00005000
1745092800000,ORDI,ORDIUSDT,0.00005000
1745107200000,ORDI,ORDIUSDT,0.00002225
1745121600000,ORDI,ORDIUSDT,0.00005000
1745136000000,ORDI,ORDIUSDT,0.00005000
1745150400001,ORDI,ORDIUSDT,0.00005000
1745164800000,ORDI,ORDIUSDT,0.00002764
1745179200000,ORDI,ORDIUSDT,0.00005000
1745193600000,ORDI,ORDIUSDT,0.00005000
1745208000000,ORDI,ORDIUSDT,0.00003276
1745222400005,ORDI,ORDIUSDT,-0.00000008
1745236800002,ORDI,ORDIUSDT,0.00005000
1745251200003,ORDI,ORDIUSDT,-0.00003627
1745265600006,ORDI,ORDIUSDT,0.00005000
1745280000008,ORDI,ORDIUSDT,0.00005000
1745294400000,ORDI,ORDIUSDT,0.00003513
1745308800000,ORDI,ORDIUSDT,0.00005000
1745323200001,ORDI,ORDIUSDT,-0.00004970
1745337600000,ORDI,ORDIUSDT,-0.00007633
1745352000004,ORDI,ORDIUSDT,-0.00000509
1745366400000,ORDI,ORDIUSDT,0.00004115
1745380800000,ORDI,ORDIUSDT,0.00005000
1745395200002,ORDI,ORDIUSDT,0.00005000
1745409600005,ORDI,ORDIUSDT,0.00005000
1745424000000,ORDI,ORDIUSDT,0.00005000
1745438400001,ORDI,ORDIUSDT,-0.00001726
1745452800000,ORDI,ORDIUSDT,0.00005000
1745467200003,ORDI,ORDIUSDT,0.00005000
1745481600001,ORDI,ORDIUSDT,0.00005000
1745496000001,ORDI,ORDIUSDT,0.00005000
1745510400001,ORDI,ORDIUSDT,-0.00003060
1745524800006,ORDI,ORDIUSDT,0.00005000
1745539200007,ORDI,ORDIUSDT,0.00004734
1745553600001,ORDI,ORDIUSDT,0.00005000
1745568000002,ORDI,ORDIUSDT,0.00005000
1745582400000,ORDI,ORDIUSDT,0.00004452
1745596800003,ORDI,ORDIUSDT,0.00005000
1745611200001,ORDI,ORDIUSDT,0.00002604
1745625600002,ORDI,ORDIUSDT,-0.00005317
1745640000001,ORDI,ORDIUSDT,0.00005000
1745654400000,ORDI,ORDIUSDT,-0.00000761
1745668800000,ORDI,ORDIUSDT,0.00005000
1745683200002,ORDI,ORDIUSDT,-0.00001045
1745697600000,ORDI,ORDIUSDT,-0.00001429
1745712000001,ORDI,ORDIUSDT,-0.00004119
1745726400001,ORDI,ORDIUSDT,0.00005000
1745740800000,ORDI,ORDIUSDT,-0.00001043
1745755200000,ORDI,ORDIUSDT,0.00002862
1745769600000,ORDI,ORDIUSDT,0.00003203
1745784000003,ORDI,ORDIUSDT,0.00001688
1745798400001,ORDI,ORDIUSDT,-0.00002367
1745812800001,ORDI,ORDIUSDT,0.00005000
1745827200003,ORDI,ORDIUSDT,-0.00001906
1745841600000,ORDI,ORDIUSDT,0.00005000
1745856000005,ORDI,ORDIUSDT,-0.00005506
1745870400002,ORDI,ORDIUSDT,0.00005000
1745884800000,ORDI,ORDIUSDT,0.00005000
1745899200000,ORDI,ORDIUSDT,0.00005000
1745913600000,ORDI,ORDIUSDT,-0.00000752
1745928000001,ORDI,ORDIUSDT,-0.00010263
1745942400010,ORDI,ORDIUSDT,0.00003784
1745956800002,ORDI,ORDIUSDT,-0.00009057
1745971200001,ORDI,ORDIUSDT,0.00000395
1745985600001,ORDI,ORDIUSDT,0.00005000
1746000000000,ORDI,ORDIUSDT,0.00002906
1746014400001,ORDI,ORDIUSDT,0.00005000
1746028800003,ORDI,ORDIUSDT,0.00005000
1746043200002,ORDI,ORDIUSDT,0.00005000
1746057600000,ORDI,ORDIUSDT,0.00005000
1746072000008,ORDI,ORDIUSDT,0.00005000
1746086400000,ORDI,ORDIUSDT,0.00005000
1746100800001,ORDI,ORDIUSDT,0.00005000
1746115200001,ORDI,ORDIUSDT,0.00005000
1746129600000,ORDI,ORDIUSDT,-0.00005191
1746144000000,ORDI,ORDIUSDT,0.00005000
1746158400000,ORDI,ORDIUSDT,0.00005000
1746172800000,ORDI,ORDIUSDT,0.00005000
1746187200005,ORDI,ORDIUSDT,0.00003295
1746201600003,ORDI,ORDIUSDT,0.00001494
1746216000003,ORDI,ORDIUSDT,0.00005000
1746230400000,ORDI,ORDIUSDT,0.00004723
1746244800001,ORDI,ORDIUSDT,0.00005000
1746259200000,ORDI,ORDIUSDT,0.00002240
1746273600006,ORDI,ORDIUSDT,0.00001690
1746288000000,ORDI,ORDIUSDT,-0.00016484
1746302400000,ORDI,ORDIUSDT,-0.00000218
1746316800001,ORDI,ORDIUSDT,-0.00009398
1746331200004,ORDI,ORDIUSDT,0.00005000
1746345600001,ORDI,ORDIUSDT,-0.00006307
1746360000006,ORDI,ORDIUSDT,-0.00002938
1746374400002,ORDI,ORDIUSDT,-0.00014602
1746388800000,ORDI,ORDIUSDT,0.00005000
1746403200000,ORDI,ORDIUSDT,0.00005000
1746417600000,ORDI,ORDIUSDT,0.00005000
1746432000000,ORDI,ORDIUSDT,0.00005000
1746446400000,ORDI,ORDIUSDT,0.00003966
1746460800006,ORDI,ORDIUSDT,0.00000646
1746475200000,ORDI,ORDIUSDT,-0.00007675
1746489600002,ORDI,ORDIUSDT,-0.00005113
1746504000000,ORDI,ORDIUSDT,0.00005000
1746518400005,ORDI,ORDIUSDT,0.00004841
1746532800000,ORDI,ORDIUSDT,-0.00000184
1746547200000,ORDI,ORDIUSDT,0.00000601
1746561600000,ORDI,ORDIUSDT,0.00005000
1746576000002,ORDI,ORDIUSDT,0.00005000
1746590400004,ORDI,ORDIUSDT,0.00001397
1746604800000,ORDI,ORDIUSDT,0.00002659
1746619200000,ORDI,ORDIUSDT,-0.00001591
1746633600006,ORDI,ORDIUSDT,-0.00006223
1746648000000,ORDI,ORDIUSDT,-0.00010274
1746662400000,ORDI,ORDIUSDT,-0.00001545
1746676800005,ORDI,ORDIUSDT,0.00003600
1746691200001,ORDI,ORDIUSDT,0.00003920
1746705600000,ORDI,ORDIUSDT,0.00005000
1746720000002,ORDI,ORDIUSDT,0.00005000
1746734400006,ORDI,ORDIUSDT,0.00005000
1746748800001,ORDI,ORDIUSDT,0.00005000
1746763200000,ORDI,ORDIUSDT,0.00005000
1746777600006,ORDI,ORDIUSDT,0.00005000
1746792000000,ORDI,ORDIUSDT,0.00005000
1746806400000,ORDI,ORDIUSDT,0.00005000
1746820800000,ORDI,ORDIUSDT,0.00005000
1746835200001,ORDI,ORDIUSDT,0.00005000
1746849600003,ORDI,ORDIUSDT,0.00005000
1746864000000,ORDI,ORDIUSDT,0.00005000
1746878400000,ORDI,ORDIUSDT,0.00005000
1746892800001,ORDI,ORDIUSDT,0.00005000
1746907200000,ORDI,ORDIUSDT,0.00005000
1746921600000,ORDI,ORDIUSDT,0.00005000
1746936000000,ORDI,ORDIUSDT,0.00005000
1746950400001,ORDI,ORDIUSDT,0.00005000
1746964800001,ORDI,ORDIUSDT,0.00005000
1746979200001,ORDI,ORDIUSDT,0.00005000
1746993600000,ORDI,ORDIUSDT,0.00005000
1747008000004,ORDI,ORDIUSDT,0.00005000
1747022400003,ORDI,ORDIUSDT,0.00005000
1747036800000,ORDI,ORDIUSDT,0.00005000
1747051200000,ORDI,ORDIUSDT,0.00005000
1747065600000,ORDI,ORDIUSDT,0.00005000
1747080000004,ORDI,ORDIUSDT,0.00005000
1747094400000,ORDI,ORDIUSDT,-0.00003263
1747108800000,ORDI,ORDIUSDT,0.00005000
1747123200008,ORDI,ORDIUSDT,0.00005000
1747137600000,ORDI,ORDIUSDT,0.00005000
1747152000001,ORDI,ORDIUSDT,0.00005000
1747166400006,ORDI,ORDIUSDT,0.00005000
1747180800007,ORDI,ORDIUSDT,0.00005000
1747195200000,ORDI,ORDIUSDT,0.00005000
1747209600000,ORDI,ORDIUSDT,0.00005000
1747224000000,ORDI,ORDIUSDT,0.00005000
1747238400002,ORDI,ORDIUSDT,0.00005000
1747252800007,ORDI,ORDIUSDT,0.00005000
1747267200000,ORDI,ORDIUSDT,0.00005000
1747281600000,ORDI,ORDIUSDT,0.00000562
1747296000003,ORDI,ORDIUSDT,0.00005000
1747310400000,ORDI,ORDIUSDT,0.00005000
1744732800001,TIA,TIAUSDT,0.00005000
1744747200000,TIA,TIAUSDT,0.00005000
1744761600000,TIA,TIAUSDT,-0.00004310
1744776000000,TIA,TIAUSDT,-0.00005698
1744790400000,TIA,TIAUSDT,-0.00018031
1744804800000,TIA,TIAUSDT,-0.00023526
1744819200000,TIA,TIAUSDT,-0.00027145
1744833600000,TIA,TIAUSDT,-0.00011831
1744848000001,TIA,TIAUSDT,-0.00022244
1744862400000,TIA,TIAUSDT,-0.00003567
1744876800000,TIA,TIAUSDT,-0.00015445
1744891200000,TIA,TIAUSDT,-0.00012604
1744905600001,TIA,TIAUSDT,0.00001108
1744920000001,TIA,TIAUSDT,-0.00005741
1744934400000,TIA,TIAUSDT,0.00000875
1744948800000,TIA,TIAUSDT,0.00002082
1744963200000,TIA,TIAUSDT,0.00005000
1744977600000,TIA,TIAUSDT,0.00004144
1744992000000,TIA,TIAUSDT,0.00004859
1745006400000,TIA,TIAUSDT,0.00005000
1745020800000,TIA,TIAUSDT,0.00005000
1745035200000,TIA,TIAUSDT,0.00005000
1745049600000,TIA,TIAUSDT,0.00004313
1745064000000,TIA,TIAUSDT,-0.00012432
1745078400000,TIA,TIAUSDT,-0.00009946
1745092800000,TIA,TIAUSDT,-0.00005321
1745107200000,TIA,TIAUSDT,0.00002567
1745121600000,TIA,TIAUSDT,-0.00003727
1745136000000,TIA,TIAUSDT,0.00001775
1745150400001,TIA,TIAUSDT,0.00005000
1745164800000,TIA,TIAUSDT,0.00005000
1745179200000,TIA,TIAUSDT,0.00005000
1745193600000,TIA,TIAUSDT,0.00004759
1745208000000,TIA,TIAUSDT,0.00005000
1745222400005,TIA,TIAUSDT,0.00005000
1745236800002,TIA,TIAUSDT,0.00005000
1745251200003,TIA,TIAUSDT,0.00005000
1745265600006,TIA,TIAUSDT,0.00005000
1745280000008,TIA,TIAUSDT,-0.00002626
1745294400000,TIA,TIAUSDT,0.00005000
1745308800000,TIA,TIAUSDT,0.00005000
1745323200001,TIA,TIAUSDT,0.00000345
1745337600000,TIA,TIAUSDT,0.00005000
1745352000004,TIA,TIAUSDT,0.00005000
1745366400000,TIA,TIAUSDT,0.00005000
1745380800000,TIA,TIAUSDT,0.00005000
1745395200002,TIA,TIAUSDT,-0.00002779
1745409600005,TIA,TIAUSDT,0.00005000
1745424000000,TIA,TIAUSDT,0.00005000
1745438400001,TIA,TIAUSDT,-0.00002331
1745452800000,TIA,TIAUSDT,0.00005000
1745467200003,TIA,TIAUSDT,0.00005000
1745481600001,TIA,TIAUSDT,0.00005000
1745496000001,TIA,TIAUSDT,0.00005000
1745510400001,TIA,TIAUSDT,0.00005000
1745524800006,TIA,TIAUSDT,0.00005000
1745539200007,TIA,TIAUSDT,0.00005000
1745553600001,TIA,TIAUSDT,-0.00009459
1745568000002,TIA,TIAUSDT,0.00004304
1745582400000,TIA,TIAUSDT,-0.00005749
1745596800003,TIA,TIAUSDT,-0.00000134
1745611200001,TIA,TIAUSDT,0.00005000
1745625600002,TIA,TIAUSDT,0.00005000
1745640000001,TIA,TIAUSDT,0.00004939
1745654400000,TIA,TIAUSDT,0.00005000
1745668800000,TIA,TIAUSDT,0.00005000
1745683200002,TIA,TIAUSDT,0.00005000
1745697600000,TIA,TIAUSDT,0.00005000
1745712000001,TIA,TIAUSDT,0.00005000
1745726400001,TIA,TIAUSDT,0.00005000
1745740800000,TIA,TIAUSDT,0.00005000
1745755200000,TIA,TIAUSDT,0.00005000
1745769600000,TIA,TIAUSDT,0.00005000
1745784000003,TIA,TIAUSDT,0.00005000
1745798400001,TIA,TIAUSDT,0.00005000
1745812800001,TIA,TIAUSDT,0.00005000
1745827200003,TIA,TIAUSDT,0.00005000
1745841600000,TIA,TIAUSDT,-0.00023082
1745856000005,TIA,TIAUSDT,-0.00006773
1745870400002,TIA,TIAUSDT,0.00000588
1745884800000,TIA,TIAUSDT,-0.00002448
1745899200000,TIA,TIAUSDT,0.00005000
1745913600000,TIA,TIAUSDT,0.00005000
1745928000001,TIA,TIAUSDT,0.00005000
1745942400010,TIA,TIAUSDT,-0.00000303
1745956800002,TIA,TIAUSDT,0.00000765
1745971200001,TIA,TIAUSDT,-0.00003460
1745985600001,TIA,TIAUSDT,-0.00009334
1746000000000,TIA,TIAUSDT,-0.00009496
1746014400001,TIA,TIAUSDT,0.00000664
1746028800003,TIA,TIAUSDT,0.00005000
1746043200002,TIA,TIAUSDT,0.00005000
1746057600000,TIA,TIAUSDT,0.00005000
1746072000008,TIA,TIAUSDT,-0.00003639
1746086400000,TIA,TIAUSDT,0.00005000
1746100800001,TIA,TIAUSDT,0.00004655
1746115200001,TIA,TIAUSDT,0.00005000
1746129600000,TIA,TIAUSDT,0.00005000
1746144000000,TIA,TIAUSDT,0.00005000
1746158400000,TIA,TIAUSDT,-0.00002208
1746172800000,TIA,TIAUSDT,-0.00000395
1746187200005,TIA,TIAUSDT,-0.00010506
1746201600003,TIA,TIAUSDT,-0.00009152
1746216000003,TIA,TIAUSDT,0.00005000
1746230400000,TIA,TIAUSDT,0.00005000
1746244800001,TIA,TIAUSDT,-0.00002057
1746259200000,TIA,TIAUSDT,-0.00009019
1746273600006,TIA,TIAUSDT,0.00000813
1746288000000,TIA,TIAUSDT,-0.00008228
1746302400000,TIA,TIAUSDT,0.00005000
1746316800001,TIA,TIAUSDT,-0.00007399
1746331200004,TIA,TIAUSDT,-0.00002796
1746345600001,TIA,TIAUSDT,0.00004133
1746360000006,TIA,TIAUSDT,0.00005000
1746374400002,TIA,TIAUSDT,0.00002064
1746388800000,TIA,TIAUSDT,0.00000143
1746403200000,TIA,TIAUSDT,0.00005000
1746417600000,TIA,TIAUSDT,0.00005000
1746432000000,TIA,TIAUSDT,-0.00004756
1746446400000,TIA,TIAUSDT,0.00005000
1746460800006,TIA,TIAUSDT,0.00005000
1746475200000,TIA,TIAUSDT,0.00000302
1746489600002,TIA,TIAUSDT,0.00005000
1746504000000,TIA,TIAUSDT,-0.00000641
1746518400005,TIA,TIAUSDT,0.00005000
1746532800000,TIA,TIAUSDT,-0.00004076
1746547200000,TIA,TIAUSDT,0.00001380
1746561600000,TIA,TIAUSDT,0.00000446
1746576000002,TIA,TIAUSDT,0.00005000
1746590400004,TIA,TIAUSDT,-0.00010308
1746604800000,TIA,TIAUSDT,-0.00010498
1746619200000,TIA,TIAUSDT,-0.00027039
1746633600006,TIA,TIAUSDT,-0.00014507
1746648000000,TIA,TIAUSDT,-0.00012580
1746662400000,TIA,TIAUSDT,-0.00017076
1746676800005,TIA,TIAUSDT,-0.00011713
1746691200001,TIA,TIAUSDT,-0.00150494
1746705600000,TIA,TIAUSDT,-0.00096279
1746720000002,TIA,TIAUSDT,-0.00040061
1746734400006,TIA,TIAUSDT,0.00005000
1746748800001,TIA,TIAUSDT,0.00000002
1746763200000,TIA,TIAUSDT,0.00005000
1746777600006,TIA,TIAUSDT,0.00005000
1746792000000,TIA,TIAUSDT,0.00005000
1746806400000,TIA,TIAUSDT,0.00005000
1746820800000,TIA,TIAUSDT,0.00005000
1746835200001,TIA,TIAUSDT,0.00005000
1746849600003,TIA,TIAUSDT,0.00005000
1746864000000,TIA,TIAUSDT,0.00005000
1746878400000,TIA,TIAUSDT,0.00005000
1746892800001,TIA,TIAUSDT,0.00005000
1746907200000,TIA,TIAUSDT,0.00005000
1746921600000,TIA,TIAUSDT,0.00005000
1746936000000,TIA,TIAUSDT,0.00005000
1746950400001,TIA,TIAUSDT,0.00005000
1746964800001,TIA,TIAUSDT,0.00005000
1746979200001,TIA,TIAUSDT,0.00005000
1746993600000,TIA,TIAUSDT,0.00005000
1747008000004,TIA,TIAUSDT,0.00005000
1747022400003,TIA,TIAUSDT,0.00005000
1747036800000,TIA,TIAUSDT,0.00005000
1747051200000,TIA,TIAUSDT,0.00005000
1747065600000,TIA,TIAUSDT,0.00005000
1747080000004,TIA,TIAUSDT,0.00005000
1747094400000,TIA,TIAUSDT,0.00005000
1747108800000,TIA,TIAUSDT,0.00005000
1747123200008,TIA,TIAUSDT,0.00005000
1747137600000,TIA,TIAUSDT,0.00005000
1747152000001,TIA,TIAUSDT,0.00005000
1747166400006,TIA,TIAUSDT,0.00005000
1747180800007,TIA,TIAUSDT,0.00005000
1747195200000,TIA,TIAUSDT,0.00005000
1747209600000,TIA,TIAUSDT,0.00005000
1747224000000,TIA,TIAUSDT,0.00005000
1747238400002,TIA,TIAUSDT,0.00005000
1747252800007,TIA,TIAUSDT,-0.00003699
1747267200000,TIA,TIAUSDT,-0.00007719
1747281600000,TIA,TIAUSDT,-0.00003503
1747296000003,TIA,TIAUSDT,0.00005000
1747310400000,TIA,TIAUSDT,0.00001926
1744732800001,INJ,INJUSDT,-0.00006080
1744761600000,INJ,INJUSDT,0.00000103
1744790400000,INJ,INJUSDT,-0.00006891
1744819200000,INJ,INJUSDT,-0.00001933
1744848000001,INJ,INJUSDT,0.00003405
1744876800000,INJ,INJUSDT,-0.00000738
1744905600001,INJ,INJUSDT,0.00008916
1744934400000,INJ,INJUSDT,-0.00002790
1744963200000,INJ,INJUSDT,0.00000835
1744992000000,INJ,INJUSDT,0.00006988
1745020800000,INJ,INJUSDT,0.00010000
1745049600000,INJ,INJUSDT,0.00010000
1745078400000,INJ,INJUSDT,-0.00012761
1745107200000,INJ,INJUSDT,-0.00007031
1745136000000,INJ,INJUSDT,-0.00009265
1745164800000,INJ,INJUSDT,0.00010000
1745193600000,INJ,INJUSDT,0.00008375
1745222400005,INJ,INJUSDT,0.00000735
1745251200003,INJ,INJUSDT,0.00010000
1745280000008,INJ,INJUSDT,0.00010000
1745308800000,INJ,INJUSDT,0.00007409
1745337600000,INJ,INJUSDT,-0.00004904
1745366400000,INJ,INJUSDT,0.00006077
1745395200002,INJ,INJUSDT,0.00006078
1745424000000,INJ,INJUSDT,0.00010000
1745452800000,INJ,INJUSDT,0.00010000
1745481600001,INJ,INJUSDT,0.00010000
1745510400001,INJ,INJUSDT,0.00003547
1745539200007,INJ,INJUSDT,0.00007906
1745568000002,INJ,INJUSDT,0.00006774
1745596800003,INJ,INJUSDT,-0.00007993
1745625600002,INJ,INJUSDT,0.00007952
1745654400000,INJ,INJUSDT,-0.00018993
1745683200002,INJ,INJUSDT,0.00002061
1745712000001,INJ,INJUSDT,-0.00019789
1745740800000,INJ,INJUSDT,0.00006999
1745769600000,INJ,INJUSDT,0.00010000
1745798400001,INJ,INJUSDT,0.00010000
1745827200003,INJ,INJUSDT,0.00010000
1745856000005,INJ,INJUSDT,-0.00001639
1745884800000,INJ,INJUSDT,0.00010000
1745913600000,INJ,INJUSDT,0.00010000
1745942400010,INJ,INJUSDT,0.00002519
1745971200001,INJ,INJUSDT,0.00004323
1746000000000,INJ,INJUSDT,-0.00003766
1746028800003,INJ,INJUSDT,0.00006864
1746057600000,INJ,INJUSDT,0.00000713
1746086400000,INJ,INJUSDT,-0.00010621
1746115200001,INJ,INJUSDT,-0.00008187
1746144000000,INJ,INJUSDT,0.00005532
1746172800000,INJ,INJUSDT,-0.00012395
1746201600003,INJ,INJUSDT,-0.00016236
1746230400000,INJ,INJUSDT,0.00001060
1746259200000,INJ,INJUSDT,-0.00002460
1746288000000,INJ,INJUSDT,-0.00042722
1746316800001,INJ,INJUSDT,-0.00006371
1746345600001,INJ,INJUSDT,-0.00006225
1746374400002,INJ,INJUSDT,0.00004073
1746403200000,INJ,INJUSDT,0.00003805
1746432000000,INJ,INJUSDT,-0.00001644
1746460800006,INJ,INJUSDT,0.00010000
1746489600002,INJ,INJUSDT,-0.00003556
1746518400005,INJ,INJUSDT,0.00008309
1746547200000,INJ,INJUSDT,0.00004009
1746576000002,INJ,INJUSDT,0.00008582
1746604800000,INJ,INJUSDT,-0.00016698
1746633600006,INJ,INJUSDT,-0.00011567
1746662400000,INJ,INJUSDT,-0.00003809
1746691200001,INJ,INJUSDT,0.00010000
1746720000002,INJ,INJUSDT,0.00010000
1746748800001,INJ,INJUSDT,0.00010000
1746777600006,INJ,INJUSDT,0.00010000
1746806400000,INJ,INJUSDT,0.00010000
1746835200001,INJ,INJUSDT,0.00010000
1746864000000,INJ,INJUSDT,0.00010000
1746892800001,INJ,INJUSDT,0.00002507
1746921600000,INJ,INJUSDT,0.00010000
1746950400001,INJ,INJUSDT,0.00010000
1746979200001,INJ,INJUSDT,-0.00001759
1747008000004,INJ,INJUSDT,-0.00001763
1747036800000,INJ,INJUSDT,0.00010000
1747065600000,INJ,INJUSDT,0.00010000
1747094400000,INJ,INJUSDT,-0.00022224
1747123200008,INJ,INJUSDT,0.00009085
1747152000001,INJ,INJUSDT,0.00010000
1747180800007,INJ,INJUSDT,0.00010000
1747209600000,INJ,INJUSDT,0.00002085
1747238400002,INJ,INJUSDT,0.00000105
1747267200000,INJ,INJUSDT,0.00007668
1747296000003,INJ,INJUSDT,0.00010000
1745337600000,HYPER,HYPERUSDT,-0.00006771
1745352000004,HYPER,HYPERUSDT,0.00005000
1745366400000,HYPER,HYPERUSDT,0.00005000
1745380800000,HYPER,HYPERUSDT,0.00005000
1745395200002,HYPER,HYPERUSDT,0.00005000
1745409600005,HYPER,HYPERUSDT,0.00005000
1745424000000,HYPER,HYPERUSDT,0.00005000
1745438400001,HYPER,HYPERUSDT,0.00005000
1745452800000,HYPER,HYPERUSDT,-0.00086900
1745467200003,HYPER,HYPERUSDT,-0.00078368
1745481600001,HYPER,HYPERUSDT,-0.00005157
1745496000001,HYPER,HYPERUSDT,-0.00059440
1745510400001,HYPER,HYPERUSDT,0.00005000
1745524800006,HYPER,HYPERUSDT,0.00005000
1745539200007,HYPER,HYPERUSDT,0.00005000
1745553600001,HYPER,HYPERUSDT,0.00005000
1745568000002,HYPER,HYPERUSDT,0.00005000
1745582400000,HYPER,HYPERUSDT,0.00004236
1745596800003,HYPER,HYPERUSDT,0.00005000
1745611200001,HYPER,HYPERUSDT,-0.00001864
1745625600002,HYPER,HYPERUSDT,0.00005000
1745640000001,HYPER,HYPERUSDT,-0.00000751
1745654400000,HYPER,HYPERUSDT,0.00005000
1745668800000,HYPER,HYPERUSDT,0.00005000
1745683200002,HYPER,HYPERUSDT,0.00005000
1745697600000,HYPER,HYPERUSDT,0.00005000
1745712000001,HYPER,HYPERUSDT,0.00005000
1745726400001,HYPER,HYPERUSDT,0.00005000
1745740800000,HYPER,HYPERUSDT,0.00005000
1745755200000,HYPER,HYPERUSDT,0.00005000
1745769600000,HYPER,HYPERUSDT,-0.00016495
1745784000003,HYPER,HYPERUSDT,-0.00083732
1745798400001,HYPER,HYPERUSDT,0.00005000
1745812800001,HYPER,HYPERUSDT,0.00005000
1745827200003,HYPER,HYPERUSDT,-0.00023090
1745841600000,HYPER,HYPERUSDT,0.00005000
1745856000005,HYPER,HYPERUSDT,0.00005000
1745870400002,HYPER,HYPERUSDT,0.00005000
1745884800000,HYPER,HYPERUSDT,0.00005000
1745899200000,HYPER,HYPERUSDT,0.00005000
1745913600000,HYPER,HYPERUSDT,0.00005000
1745928000001,HYPER,HYPERUSDT,0.00005000
1745942400010,HYPER,HYPERUSDT,0.00005000
1745956800002,HYPER,HYPERUSDT,0.00005000
1745971200001,HYPER,HYPERUSDT,0.00005000
1745985600001,HYPER,HYPERUSDT,0.00005000
1746000000000,HYPER,HYPERUSDT,0.00005000
1746014400001,HYPER,HYPERUSDT,0.00005000
1746028800003,HYPER,HYPERUSDT,0.00005000
1746043200002,HYPER,HYPERUSDT,0.00005000
1746057600000,HYPER,HYPERUSDT,0.00005000
1746072000008,HYPER,HYPERUSDT,0.00005000
1746086400000,HYPER,HYPERUSDT,0.00005000
1746100800001,HYPER,HYPERUSDT,0.00005000
1746115200001,HYPER,HYPERUSDT,0.00005000
1746129600000,HYPER,HYPERUSDT,0.00005000
1746144000000,HYPER,HYPERUSDT,0.00005000
1746158400000,HYPER,HYPERUSDT,0.00005000
1746172800000,HYPER,HYPERUSDT,-0.00000444
1746187200005,HYPER,HYPERUSDT,0.00001476
1746201600003,HYPER,HYPERUSDT,0.00005000
1746216000003,HYPER,HYPERUSDT,0.00005000
1746230400000,HYPER,HYPERUSDT,0.00005000
1746244800001,HYPER,HYPERUSDT,0.00005000
1746259200000,HYPER,HYPERUSDT,0.00005000
1746273600006,HYPER,HYPERUSDT,0.00005000
1746288000000,HYPER,HYPERUSDT,0.00005000
1746302400000,HYPER,HYPERUSDT,0.00005000
1746316800001,HYPER,HYPERUSDT,0.00005000
1746331200004,HYPER,HYPERUSDT,0.00005000
1746345600001,HYPER,HYPERUSDT,0.00005000
1746360000006,HYPER,HYPERUSDT,0.00005000
1746374400002,HYPER,HYPERUSDT,0.00005000
1746388800000,HYPER,HYPERUSDT,0.00005000
1746403200000,HYPER,HYPERUSDT,0.00005000
1746417600000,HYPER,HYPERUSDT,0.00005000
1746432000000,HYPER,HYPERUSDT,0.00005000
1746446400000,HYPER,HYPERUSDT,0.00005000
1746460800006,HYPER,HYPERUSDT,0.00005000
1746475200000,HYPER,HYPERUSDT,0.00005000
1746489600002,HYPER,HYPERUSDT,0.00005000
1746504000000,HYPER,HYPERUSDT,0.00005000
1746518400005,HYPER,HYPERUSDT,0.00005000
1746532800000,HYPER,HYPERUSDT,0.00005000
1746547200000,HYPER,HYPERUSDT,0.00005000
1746561600000,HYPER,HYPERUSDT,0.00005000
1746576000002,HYPER,HYPERUSDT,0.00004940
1746590400004,HYPER,HYPERUSDT,0.00003273
1746604800000,HYPER,HYPERUSDT,0.00005000
1746619200000,HYPER,HYPERUSDT,0.00005000
1746633600006,HYPER,HYPERUSDT,0.00005000
1746648000000,HYPER,HYPERUSDT,-0.00002276
1746662400000,HYPER,HYPERUSDT,-0.00008466
1746676800005,HYPER,HYPERUSDT,0.00005000
1746691200001,HYPER,HYPERUSDT,-0.00006329
1746705600000,HYPER,HYPERUSDT,-0.00011165
1746720000002,HYPER,HYPERUSDT,0.00005000
1746734400006,HYPER,HYPERUSDT,-0.00004884
1746748800001,HYPER,HYPERUSDT,0.00005000
1746763200000,HYPER,HYPERUSDT,0.00005000
1746777600006,HYPER,HYPERUSDT,0.00005000
1746792000000,HYPER,HYPERUSDT,0.00005000
1746806400000,HYPER,HYPERUSDT,0.00005000
1746820800000,HYPER,HYPERUSDT,0.00005000
1746835200001,HYPER,HYPERUSDT,0.00005000
1746849600003,HYPER,HYPERUSDT,0.00005000
1746864000000,HYPER,HYPERUSDT,0.00005000
1746878400000,HYPER,HYPERUSDT,0.00005000
1746892800001,HYPER,HYPERUSDT,0.00005000
1746907200000,HYPER,HYPERUSDT,0.00005000
1746921600000,HYPER,HYPERUSDT,0.00005000
1746936000000,HYPER,HYPERUSDT,0.00005000
1746950400001,HYPER,HYPERUSDT,0.00005000
1746964800001,HYPER,HYPERUSDT,0.00005000
1746979200001,HYPER,HYPERUSDT,0.00005000
1746993600000,HYPER,HYPERUSDT,0.00005000
1747008000004,HYPER,HYPERUSDT,0.00005000
1747022400003,HYPER,HYPERUSDT,0.00005000
1747036800000,HYPER,HYPERUSDT,0.00005000
1747051200000,HYPER,HYPERUSDT,0.00005000
1747065600000,HYPER,HYPERUSDT,0.00005000
1747080000004,HYPER,HYPERUSDT,0.00005000
1747094400000,HYPER,HYPERUSDT,0.00005000
1747108800000,HYPER,HYPERUSDT,0.00005000
1747123200008,HYPER,HYPERUSDT,0.00005000
1747137600000,HYPER,HYPERUSDT,0.00005000
1747152000001,HYPER,HYPERUSDT,0.00005000
1747166400006,HYPER,HYPERUSDT,0.00005000
1747180800007,HYPER,HYPERUSDT,0.00005000
1747195200000,HYPER,HYPERUSDT,0.00005000
1747209600000,HYPER,HYPERUSDT,0.00005000
1747224000000,HYPER,HYPERUSDT,0.00005000
1747238400002,HYPER,HYPERUSDT,0.00005000
1747252800007,HYPER,HYPERUSDT,0.00005000
1747267200000,HYPER,HYPERUSDT,0.00005000
1747281600000,HYPER,HYPERUSDT,0.00005000
1747296000003,HYPER,HYPERUSDT,0.00005000
1747310400000,HYPER,HYPERUSDT,0.00005000
1744732800001,DOGE,DOGEUSDT,-0.00004331
1744761600000,DOGE,DOGEUSDT,-0.00001270
1744790400000,DOGE,DOGEUSDT,-0.00001894
1744819200000,DOGE,DOGEUSDT,-0.00001668
1744848000001,DOGE,DOGEUSDT,0.00004938
1744876800000,DOGE,DOGEUSDT,0.00004145
1744905600001,DOGE,DOGEUSDT,-0.00001745
1744934400000,DOGE,DOGEUSDT,0.00000413
1744963200000,DOGE,DOGEUSDT,-0.00000792
1744992000000,DOGE,DOGEUSDT,0.00005041
1745020800000,DOGE,DOGEUSDT,0.00010000
1745049600000,DOGE,DOGEUSDT,0.00010000
1745078400000,DOGE,DOGEUSDT,0.00007601
1745107200000,DOGE,DOGEUSDT,0.00007828
1745136000000,DOGE,DOGEUSDT,0.00010000
1745164800000,DOGE,DOGEUSDT,-0.00007540
1745193600000,DOGE,DOGEUSDT,0.00000889
1745222400005,DOGE,DOGEUSDT,0.00010000
1745251200003,DOGE,DOGEUSDT,0.00010000
1745280000008,DOGE,DOGEUSDT,0.00008131
1745308800000,DOGE,DOGEUSDT,0.00010000
1745337600000,DOGE,DOGEUSDT,0.00010000
1745366400000,DOGE,DOGEUSDT,0.00010000
1745395200002,DOGE,DOGEUSDT,0.00010000
1745424000000,DOGE,DOGEUSDT,0.00010000
1745452800000,DOGE,DOGEUSDT,0.00010000
1745481600001,DOGE,DOGEUSDT,0.00010000
1745510400001,DOGE,DOGEUSDT,0.00006561
1745539200007,DOGE,DOGEUSDT,0.00010000
1745568000002,DOGE,DOGEUSDT,0.00010000
1745596800003,DOGE,DOGEUSDT,0.00006680
1745625600002,DOGE,DOGEUSDT,0.00009774
1745654400000,DOGE,DOGEUSDT,0.00000882
1745683200002,DOGE,DOGEUSDT,0.00002243
1745712000001,DOGE,DOGEUSDT,-0.00007611
1745740800000,DOGE,DOGEUSDT,0.00007464
1745769600000,DOGE,DOGEUSDT,0.00006479
1745798400001,DOGE,DOGEUSDT,0.00003706
1745827200003,DOGE,DOGEUSDT,0.00008078
1745856000005,DOGE,DOGEUSDT,-0.00005958
1745884800000,DOGE,DOGEUSDT,0.00003774
1745913600000,DOGE,DOGEUSDT,0.00010000
1745942400010,DOGE,DOGEUSDT,0.00001163
1745971200001,DOGE,DOGEUSDT,-0.00008768
1746000000000,DOGE,DOGEUSDT,-0.00006965
1746028800003,DOGE,DOGEUSDT,-0.00008174
1746057600000,DOGE,DOGEUSDT,0.00001670
1746086400000,DOGE,DOGEUSDT,0.00007872
1746115200001,DOGE,DOGEUSDT,0.00010000
1746144000000,DOGE,DOGEUSDT,0.00010000
1746172800000,DOGE,DOGEUSDT,0.00006873
1746201600003,DOGE,DOGEUSDT,0.00006792
1746230400000,DOGE,DOGEUSDT,0.00004762
1746259200000,DOGE,DOGEUSDT,0.00001327
1746288000000,DOGE,DOGEUSDT,0.00004606
1746316800001,DOGE,DOGEUSDT,0.00000944
1746345600001,DOGE,DOGEUSDT,-0.00000994
1746374400002,DOGE,DOGEUSDT,-0.00001556
1746403200000,DOGE,DOGEUSDT,-0.00007879
1746432000000,DOGE,DOGEUSDT,-0.00003963
1746460800006,DOGE,DOGEUSDT,-0.00008009
1746489600002,DOGE,DOGEUSDT,-0.00001072
1746518400005,DOGE,DOGEUSDT,0.00001705
1746547200000,DOGE,DOGEUSDT,0.00001691
1746576000002,DOGE,DOGEUSDT,0.00007112
1746604800000,DOGE,DOGEUSDT,0.00005421
1746633600006,DOGE,DOGEUSDT,0.00005902
1746662400000,DOGE,DOGEUSDT,0.00004074
1746691200001,DOGE,DOGEUSDT,0.00010000
1746720000002,DOGE,DOGEUSDT,0.00010000
1746748800001,DOGE,DOGEUSDT,0.00010000
1746777600006,DOGE,DOGEUSDT,0.00010000
1746806400000,DOGE,DOGEUSDT,0.00010000
1746835200001,DOGE,DOGEUSDT,0.00010000
1746864000000,DOGE,DOGEUSDT,0.00010000
1746892800001,DOGE,DOGEUSDT,0.00010000
1746921600000,DOGE,DOGEUSDT,0.00010000
1746950400001,DOGE,DOGEUSDT,0.00010000
1746979200001,DOGE,DOGEUSDT,0.00005785
1747008000004,DOGE,DOGEUSDT,0.00003834
1747036800000,DOGE,DOGEUSDT,0.00008624
1747065600000,DOGE,DOGEUSDT,0.00010000
1747094400000,DOGE,DOGEUSDT,0.00000217
1747123200008,DOGE,DOGEUSDT,0.00009248
1747152000001,DOGE,DOGEUSDT,0.00009394
1747180800007,DOGE,DOGEUSDT,0.00010000
1747209600000,DOGE,DOGEUSDT,0.00010000
1747238400002,DOGE,DOGEUSDT,0.00005801
1747267200000,DOGE,DOGEUSDT,0.00008215
1747296000003,DOGE,DOGEUSDT,0.00008267
1744732800001,UNI,UNIUSDT,-0.00007892
1744761600000,UNI,UNIUSDT,0.00000885
1744790400000,UNI,UNIUSDT,0.00004892
1744819200000,UNI,UNIUSDT,0.00000479
1744848000001,UNI,UNIUSDT,0.00008008
1744876800000,UNI,UNIUSDT,0.00010000
1744905600001,UNI,UNIUSDT,0.00003414
1744934400000,UNI,UNIUSDT,0.00009291
1744963200000,UNI,UNIUSDT,0.00010000
1744992000000,UNI,UNIUSDT,0.00005032
1745020800000,UNI,UNIUSDT,0.00006546
1745049600000,UNI,UNIUSDT,0.00010000
1745078400000,UNI,UNIUSDT,0.00005829
1745107200000,UNI,UNIUSDT,0.00009769
1745136000000,UNI,UNIUSDT,0.00010000
1745164800000,UNI,UNIUSDT,0.00002282
1745193600000,UNI,UNIUSDT,0.00010000
1745222400005,UNI,UNIUSDT,0.00010000
1745251200003,UNI,UNIUSDT,0.00010000
1745280000008,UNI,UNIUSDT,-0.00000530
1745308800000,UNI,UNIUSDT,0.00000991
1745337600000,UNI,UNIUSDT,0.00010000
1745366400000,UNI,UNIUSDT,0.00010000
1745395200002,UNI,UNIUSDT,0.00010000
1745424000000,UNI,UNIUSDT,0.00010000
1745452800000,UNI,UNIUSDT,0.00010000
1745481600001,UNI,UNIUSDT,0.00010000
1745510400001,UNI,UNIUSDT,0.00010000
1745539200007,UNI,UNIUSDT,0.00010000
1745568000002,UNI,UNIUSDT,0.00010000
1745596800003,UNI,UNIUSDT,0.00010000
1745625600002,UNI,UNIUSDT,0.00010000
1745654400000,UNI,UNIUSDT,0.00010000
1745683200002,UNI,UNIUSDT,0.00010000
1745712000001,UNI,UNIUSDT,0.00010000
1745740800000,UNI,UNIUSDT,0.00000814
1745769600000,UNI,UNIUSDT,0.00007385
1745798400001,UNI,UNIUSDT,0.00003255
1745827200003,UNI,UNIUSDT,-0.00001257
1745856000005,UNI,UNIUSDT,-0.00008997
1745884800000,UNI,UNIUSDT,0.00003977
1745913600000,UNI,UNIUSDT,0.00008465
1745942400010,UNI,UNIUSDT,0.00004167
1745971200001,UNI,UNIUSDT,-0.00003616
1746000000000,UNI,UNIUSDT,0.00001966
1746028800003,UNI,UNIUSDT,-0.00005414
1746057600000,UNI,UNIUSDT,0.00002276
1746086400000,UNI,UNIUSDT,0.00003963
1746115200001,UNI,UNIUSDT,-0.00002039
1746144000000,UNI,UNIUSDT,0.00010000
1746172800000,UNI,UNIUSDT,-0.00007972
1746201600003,UNI,UNIUSDT,0.00006796
1746230400000,UNI,UNIUSDT,0.00007577
1746259200000,UNI,UNIUSDT,0.00000793
1746288000000,UNI,UNIUSDT,0.00006495
1746316800001,UNI,UNIUSDT,0.00007039
1746345600001,UNI,UNIUSDT,0.00002202
1746374400002,UNI,UNIUSDT,0.00003553
1746403200000,UNI,UNIUSDT,0.00000562
1746432000000,UNI,UNIUSDT,0.00010000
1746460800006,UNI,UNIUSDT,-0.00000744
1746489600002,UNI,UNIUSDT,0.00004523
1746518400005,UNI,UNIUSDT,0.00007087
1746547200000,UNI,UNIUSDT,0.00003956
1746576000002,UNI,UNIUSDT,0.00006079
1746604800000,UNI,UNIUSDT,0.00007735
1746633600006,UNI,UNIUSDT,-0.00009437
1746662400000,UNI,UNIUSDT,0.00008830
1746691200001,UNI,UNIUSDT,0.00010000
1746720000002,UNI,UNIUSDT,0.00010000
1746748800001,UNI,UNIUSDT,0.00010000
1746777600006,UNI,UNIUSDT,0.00010000
1746806400000,UNI,UNIUSDT,0.00010000
1746835200001,UNI,UNIUSDT,0.00010000
1746864000000,UNI,UNIUSDT,0.00010000
1746892800001,UNI,UNIUSDT,0.00010000
1746921600000,UNI,UNIUSDT,0.00010000
1746950400001,UNI,UNIUSDT,0.00010000
1746979200001,UNI,UNIUSDT,0.00010000
1747008000004,UNI,UNIUSDT,0.00010000
1747036800000,UNI,UNIUSDT,0.00010000
1747065600000,UNI,UNIUSDT,0.00010000
1747094400000,UNI,UNIUSDT,0.00010000
1747123200008,UNI,UNIUSDT,0.00010000
1747152000001,UNI,UNIUSDT,0.00010000
1747180800007,UNI,UNIUSDT,0.00010000
1747209600000,UNI,UNIUSDT,0.00010000
1747238400002,UNI,UNIUSDT,0.00005437
1747267200000,UNI,UNIUSDT,0.00010000
1747296000003,UNI,UNIUSDT,0.00010000
1744732800001,LDO,LDOUSDT,-0.00003012
1744761600000,LDO,LDOUSDT,-0.00001823
1744790400000,LDO,LDOUSDT,0.00006128
1744819200000,LDO,LDOUSDT,-0.00003602
1744848000001,LDO,LDOUSDT,-0.00004362
1744876800000,LDO,LDOUSDT,0.00010000
1744905600001,LDO,LDOUSDT,0.00001929
1744934400000,LDO,LDOUSDT,-0.00004574
1744963200000,LDO,LDOUSDT,-0.00006472
1744992000000,LDO,LDOUSDT,0.00004609
1745020800000,LDO,LDOUSDT,0.00005068
1745049600000,LDO,LDOUSDT,0.00009579
1745078400000,LDO,LDOUSDT,0.00001967
1745107200000,LDO,LDOUSDT,0.00002044
1745136000000,LDO,LDOUSDT,-0.00001394
1745164800000,LDO,LDOUSDT,0.00010000
1745193600000,LDO,LDOUSDT,0.00010000
1745222400005,LDO,LDOUSDT,0.00010000
1745251200003,LDO,LDOUSDT,0.00010000
1745280000008,LDO,LDOUSDT,0.00010000
1745308800000,LDO,LDOUSDT,0.00005886
1745337600000,LDO,LDOUSDT,0.00008503
1745366400000,LDO,LDOUSDT,0.00010000
1745395200002,LDO,LDOUSDT,0.00010000
1745424000000,LDO,LDOUSDT,0.00010000
1745452800000,LDO,LDOUSDT,0.00010000
1745481600001,LDO,LDOUSDT,0.00010000
1745510400001,LDO,LDOUSDT,0.00006228
1745539200007,LDO,LDOUSDT,0.00010000
1745568000002,LDO,LDOUSDT,0.00004833
1745596800003,LDO,LDOUSDT,0.00009212
1745625600002,LDO,LDOUSDT,0.00010000
1745654400000,LDO,LDOUSDT,0.00010000
1745683200002,LDO,LDOUSDT,0.00010000
1745712000001,LDO,LDOUSDT,0.00005112
1745740800000,LDO,LDOUSDT,0.00004462
1745769600000,LDO,LDOUSDT,-0.00000956
1745798400001,LDO,LDOUSDT,0.00007961
1745827200003,LDO,LDOUSDT,0.00010000
1745856000005,LDO,LDOUSDT,-0.00005277
1745884800000,LDO,LDOUSDT,0.00010000
1745913600000,LDO,LDOUSDT,-0.00001899
1745942400010,LDO,LDOUSDT,0.00004506
1745971200001,LDO,LDOUSDT,-0.00006735
1746000000000,LDO,LDOUSDT,-0.00013417
1746028800003,LDO,LDOUSDT,-0.00003172
1746057600000,LDO,LDOUSDT,0.00006440
1746086400000,LDO,LDOUSDT,0.00010000
1746115200001,LDO,LDOUSDT,0.00010000
1746144000000,LDO,LDOUSDT,0.00010000
1746172800000,LDO,LDOUSDT,0.00010000
1746201600003,LDO,LDOUSDT,0.00007527
1746230400000,LDO,LDOUSDT,0.00010000
1746259200000,LDO,LDOUSDT,-0.00008181
1746288000000,LDO,LDOUSDT,-0.00013965
1746316800001,LDO,LDOUSDT,-0.00003041
1746345600001,LDO,LDOUSDT,-0.00004850
1746374400002,LDO,LDOUSDT,-0.00007762
1746403200000,LDO,LDOUSDT,-0.00006827
1746432000000,LDO,LDOUSDT,-0.00013319
1746460800006,LDO,LDOUSDT,0.00002364
1746489600002,LDO,LDOUSDT,-0.00001904
1746518400005,LDO,LDOUSDT,0.00003220
1746547200000,LDO,LDOUSDT,0.00002354
1746576000002,LDO,LDOUSDT,0.00010000
1746604800000,LDO,LDOUSDT,0.00007029
1746633600006,LDO,LDOUSDT,0.00007671
1746662400000,LDO,LDOUSDT,0.00009351
1746691200001,LDO,LDOUSDT,0.00010000
1746720000002,LDO,LDOUSDT,0.00010000
1746748800001,LDO,LDOUSDT,0.00010000
1746777600006,LDO,LDOUSDT,0.00010000
1746806400000,LDO,LDOUSDT,0.00010000
1746835200001,LDO,LDOUSDT,0.00010000
1746864000000,LDO,LDOUSDT,0.00010000
1746892800001,LDO,LDOUSDT,0.00010000
1746921600000,LDO,LDOUSDT,0.00010000
1746950400001,LDO,LDOUSDT,0.00010000
1746979200001,LDO,LDOUSDT,0.00010000
1747008000004,LDO,LDOUSDT,0.00010000
1747036800000,LDO,LDOUSDT,0.00010000
1747065600000,LDO,LDOUSDT,0.00010000
1747094400000,LDO,LDOUSDT,0.00010000
1747123200008,LDO,LDOUSDT,0.00010000
1747152000001,LDO,LDOUSDT,0.00010000
1747180800007,LDO,LDOUSDT,0.00010000
1747209600000,LDO,LDOUSDT,0.00010000
1747238400002,LDO,LDOUSDT,0.00010000
1747267200000,LDO,LDOUSDT,0.00010000
1747296000003,LDO,LDOUSDT,0.00010000
1744732800001,ARB,ARBUSDT,0.00004971
1744761600000,ARB,ARBUSDT,0.00001767
1744790400000,ARB,ARBUSDT,-0.00007907
1744819200000,ARB,ARBUSDT,-0.00004331
1744848000001,ARB,ARBUSDT,0.00003326
1744876800000,ARB,ARBUSDT,0.00010000
1744905600001,ARB,ARBUSDT,-0.00007971
1744934400000,ARB,ARBUSDT,0.00002250
1744963200000,ARB,ARBUSDT,0.00010000
1744992000000,ARB,ARBUSDT,0.00010000
1745020800000,ARB,ARBUSDT,0.00010000
1745049600000,ARB,ARBUSDT,0.00010000
1745078400000,ARB,ARBUSDT,0.00010000
1745107200000,ARB,ARBUSDT,0.00010000
1745136000000,ARB,ARBUSDT,0.00010000
1745164800000,ARB,ARBUSDT,0.00010000
1745193600000,ARB,ARBUSDT,0.00010000
1745222400005,ARB,ARBUSDT,0.00010000
1745251200003,ARB,ARBUSDT,0.00009173
1745280000008,ARB,ARBUSDT,-0.00004491
1745308800000,ARB,ARBUSDT,-0.00005759
1745337600000,ARB,ARBUSDT,0.00002897
1745366400000,ARB,ARBUSDT,0.00008966
1745395200002,ARB,ARBUSDT,0.00010000
1745424000000,ARB,ARBUSDT,0.00010000
1745452800000,ARB,ARBUSDT,0.00008289
1745481600001,ARB,ARBUSDT,0.00010000
1745510400001,ARB,ARBUSDT,0.00009816
1745539200007,ARB,ARBUSDT,0.00010000
1745568000002,ARB,ARBUSDT,0.00010000
1745596800003,ARB,ARBUSDT,0.00001359
1745625600002,ARB,ARBUSDT,0.00010000
1745654400000,ARB,ARBUSDT,0.00006002
1745683200002,ARB,ARBUSDT,0.00010000
1745712000001,ARB,ARBUSDT,0.00005222
1745740800000,ARB,ARBUSDT,0.00009366
1745769600000,ARB,ARBUSDT,0.00004599
1745798400001,ARB,ARBUSDT,-0.00010647
1745827200003,ARB,ARBUSDT,0.00002689
1745856000005,ARB,ARBUSDT,0.00001045
1745884800000,ARB,ARBUSDT,0.00010000
1745913600000,ARB,ARBUSDT,0.00005645
1745942400010,ARB,ARBUSDT,-0.00000742
1745971200001,ARB,ARBUSDT,-0.00004811
1746000000000,ARB,ARBUSDT,-0.00002598
1746028800003,ARB,ARBUSDT,-0.00004785
1746057600000,ARB,ARBUSDT,0.00003722
1746086400000,ARB,ARBUSDT,0.00006703
1746115200001,ARB,ARBUSDT,0.00007942
1746144000000,ARB,ARBUSDT,0.00010000
1746172800000,ARB,ARBUSDT,0.00010000
1746201600003,ARB,ARBUSDT,0.00010000
1746230400000,ARB,ARBUSDT,0.00001559
1746259200000,ARB,ARBUSDT,0.00003995
1746288000000,ARB,ARBUSDT,-0.00011859
1746316800001,ARB,ARBUSDT,-0.00006334
1746345600001,ARB,ARBUSDT,-0.00014927
1746374400002,ARB,ARBUSDT,-0.00002050
1746403200000,ARB,ARBUSDT,0.00003010
1746432000000,ARB,ARBUSDT,-0.00009523
1746460800006,ARB,ARBUSDT,0.00001504
1746489600002,ARB,ARBUSDT,-0.00004197
1746518400005,ARB,ARBUSDT,0.00003412
1746547200000,ARB,ARBUSDT,-0.00000476
1746576000002,ARB,ARBUSDT,0.00004159
1746604800000,ARB,ARBUSDT,-0.00001312
1746633600006,ARB,ARBUSDT,-0.00003077
1746662400000,ARB,ARBUSDT,0.00010000
1746691200001,ARB,ARBUSDT,0.00007667
1746720000002,ARB,ARBUSDT,0.00004752
1746748800001,ARB,ARBUSDT,0.00010000
1746777600006,ARB,ARBUSDT,0.00010000
1746806400000,ARB,ARBUSDT,0.00010000
1746835200001,ARB,ARBUSDT,0.00010000
1746864000000,ARB,ARBUSDT,0.00005097
1746892800001,ARB,ARBUSDT,0.00003171
1746921600000,ARB,ARBUSDT,0.00000688
1746950400001,ARB,ARBUSDT,0.00010000
1746979200001,ARB,ARBUSDT,0.00010000
1747008000004,ARB,ARBUSDT,0.00010000
1747036800000,ARB,ARBUSDT,0.00010000
1747065600000,ARB,ARBUSDT,0.00010000
1747094400000,ARB,ARBUSDT,0.00005573
1747123200008,ARB,ARBUSDT,0.00006109
1747152000001,ARB,ARBUSDT,0.00003170
1747180800007,ARB,ARBUSDT,0.00010000
1747209600000,ARB,ARBUSDT,0.00010000
1747238400002,ARB,ARBUSDT,0.00010000
1747267200000,ARB,ARBUSDT,0.00010000
1747296000003,ARB,ARBUSDT,0.00010000
1744732800001,OP,OPUSDT,0.00010000
1744761600000,OP,OPUSDT,0.00010000
1744790400000,OP,OPUSDT,-0.00004638
1744819200000,OP,OPUSDT,-0.00001774
1744848000001,OP,OPUSDT,-0.00010228
1744876800000,OP,OPUSDT,0.00010000
1744905600001,OP,OPUSDT,0.00004587
1744934400000,OP,OPUSDT,0.00000609
1744963200000,OP,OPUSDT,0.00010000
1744992000000,OP,OPUSDT,-0.00001324
1745020800000,OP,OPUSDT,0.00002255
1745049600000,OP,OPUSDT,0.00005915
1745078400000,OP,OPUSDT,0.00010000
1745107200000,OP,OPUSDT,0.00010000
1745136000000,OP,OPUSDT,0.00010000
1745164800000,OP,OPUSDT,0.00010000
1745193600000,OP,OPUSDT,0.00010000
1745222400005,OP,OPUSDT,0.00003527
1745251200003,OP,OPUSDT,0.00010000
1745280000008,OP,OPUSDT,0.00010000
1745308800000,OP,OPUSDT,-0.00001278
1745337600000,OP,OPUSDT,0.00002743
1745366400000,OP,OPUSDT,0.00007903
1745395200002,OP,OPUSDT,0.00007677
1745424000000,OP,OPUSDT,0.00010000
1745452800000,OP,OPUSDT,0.00010000
1745481600001,OP,OPUSDT,0.00004645
1745510400001,OP,OPUSDT,0.00008532
1745539200007,OP,OPUSDT,-0.00000888
1745568000002,OP,OPUSDT,0.00007934
1745596800003,OP,OPUSDT,0.00009605
1745625600002,OP,OPUSDT,0.00005732
1745654400000,OP,OPUSDT,0.00000343
1745683200002,OP,OPUSDT,0.00008638
1745712000001,OP,OPUSDT,-0.00003034
1745740800000,OP,OPUSDT,0.00000843
1745769600000,OP,OPUSDT,0.00010000
1745798400001,OP,OPUSDT,0.00010000
1745827200003,OP,OPUSDT,0.00010000
1745856000005,OP,OPUSDT,0.00003213
1745884800000,OP,OPUSDT,0.00005172
1745913600000,OP,OPUSDT,0.00008591
1745942400010,OP,OPUSDT,0.00004932
1745971200001,OP,OPUSDT,0.00005166
1746000000000,OP,OPUSDT,-0.00004267
1746028800003,OP,OPUSDT,-0.00004463
1746057600000,OP,OPUSDT,-0.00002360
1746086400000,OP,OPUSDT,0.00004474
1746115200001,OP,OPUSDT,-0.00013811
1746144000000,OP,OPUSDT,0.00010000
1746172800000,OP,OPUSDT,-0.00006522
1746201600003,OP,OPUSDT,-0.00003688
1746230400000,OP,OPUSDT,0.00010000
1746259200000,OP,OPUSDT,0.00007960
1746288000000,OP,OPUSDT,-0.00014364
1746316800001,OP,OPUSDT,-0.00008044
1746345600001,OP,OPUSDT,0.00004928
1746374400002,OP,OPUSDT,0.00000329
1746403200000,OP,OPUSDT,0.00010000
1746432000000,OP,OPUSDT,0.00010000
1746460800006,OP,OPUSDT,0.00003677
1746489600002,OP,OPUSDT,0.00002506
1746518400005,OP,OPUSDT,0.00001652
1746547200000,OP,OPUSDT,0.00003068
1746576000002,OP,OPUSDT,0.00001302
1746604800000,OP,OPUSDT,0.00007340
1746633600006,OP,OPUSDT,-0.00011579
1746662400000,OP,OPUSDT,-0.00000183
1746691200001,OP,OPUSDT,-0.00003736
1746720000002,OP,OPUSDT,0.00007416
1746748800001,OP,OPUSDT,0.00010000
1746777600006,OP,OPUSDT,0.00010000
1746806400000,OP,OPUSDT,0.00010000
1746835200001,OP,OPUSDT,0.00010000
1746864000000,OP,OPUSDT,0.00010000
1746892800001,OP,OPUSDT,0.00010000
1746921600000,OP,OPUSDT,0.00010000
1746950400001,OP,OPUSDT,0.00010000
1746979200001,OP,OPUSDT,0.00010000
1747008000004,OP,OPUSDT,0.00010000
1747036800000,OP,OPUSDT,0.00010000
1747065600000,OP,OPUSDT,0.00010000
1747094400000,OP,OPUSDT,0.00010000
1747123200008,OP,OPUSDT,0.00010000
1747152000001,OP,OPUSDT,0.00010000
1747180800007,OP,OPUSDT,0.00010000
1747209600000,OP,OPUSDT,0.00010000
1747238400002,OP,OPUSDT,0.00010000
1747267200000,OP,OPUSDT,0.00010000
1747296000003,OP,OPUSDT,0.00010000
1744732800001,WIF,WIFUSDT,0.00002790
1744747200000,WIF,WIFUSDT,0.00005000
1744761600000,WIF,WIFUSDT,0.00005000
1744776000000,WIF,WIFUSDT,0.00002185
1744790400000,WIF,WIFUSDT,-0.00005609
1744804800000,WIF,WIFUSDT,-0.00026627
1744819200000,WIF,WIFUSDT,-0.00012360
1744833600000,WIF,WIFUSDT,-0.00005221
1744848000001,WIF,WIFUSDT,0.00000292
1744862400000,WIF,WIFUSDT,0.00005000
1744876800000,WIF,WIFUSDT,-0.00005090
1744891200000,WIF,WIFUSDT,-0.00006197
1744905600001,WIF,WIFUSDT,-0.00000509
1744920000001,WIF,WIFUSDT,-0.00011859
1744934400000,WIF,WIFUSDT,0.00000978
1744948800000,WIF,WIFUSDT,-0.00018367
1744963200000,WIF,WIFUSDT,-0.00006610
1744977600000,WIF,WIFUSDT,-0.00012359
1744992000000,WIF,WIFUSDT,-0.00002892
1745006400000,WIF,WIFUSDT,0.00005000
1745020800000,WIF,WIFUSDT,0.00005000
1745035200000,WIF,WIFUSDT,-0.00005471
1745049600000,WIF,WIFUSDT,-0.00006444
1745064000000,WIF,WIFUSDT,0.00005000
1745078400000,WIF,WIFUSDT,0.00005000
1745092800000,WIF,WIFUSDT,0.00001583
1745107200000,WIF,WIFUSDT,-0.00016984
1745121600000,WIF,WIFUSDT,-0.00004999
1745136000000,WIF,WIFUSDT,0.00005000
1745150400001,WIF,WIFUSDT,0.00005000
1745164800000,WIF,WIFUSDT,0.00005000
1745179200000,WIF,WIFUSDT,0.00005000
1745193600000,WIF,WIFUSDT,0.00005000
1745208000000,WIF,WIFUSDT,-0.00008978
1745222400005,WIF,WIFUSDT,-0.00008783
1745236800002,WIF,WIFUSDT,0.00005000
1745251200003,WIF,WIFUSDT,0.00005000
1745265600006,WIF,WIFUSDT,0.00005000
1745280000008,WIF,WIFUSDT,0.00005000
1745294400000,WIF,WIFUSDT,0.00005000
1745308800000,WIF,WIFUSDT,0.00005000
1745323200001,WIF,WIFUSDT,0.00005000
1745337600000,WIF,WIFUSDT,0.00005000
1745352000004,WIF,WIFUSDT,0.00005000
1745366400000,WIF,WIFUSDT,0.00005000
1745380800000,WIF,WIFUSDT,0.00005000
1745395200002,WIF,WIFUSDT,0.00005000
1745409600005,WIF,WIFUSDT,0.00005000
1745424000000,WIF,WIFUSDT,0.00005000
1745438400001,WIF,WIFUSDT,0.00005000
1745452800000,WIF,WIFUSDT,0.00005000
1745467200003,WIF,WIFUSDT,0.00005000
1745481600001,WIF,WIFUSDT,0.00005000
1745496000001,WIF,WIFUSDT,0.00005000
1745510400001,WIF,WIFUSDT,-0.00008340
1745524800006,WIF,WIFUSDT,0.00005000
1745539200007,WIF,WIFUSDT,0.00005000
1745553600001,WIF,WIFUSDT,0.00005000
1745568000002,WIF,WIFUSDT,0.00005000
1745582400000,WIF,WIFUSDT,-0.00005818
1745596800003,WIF,WIFUSDT,0.00005000
1745611200001,WIF,WIFUSDT,0.00005000
1745625600002,WIF,WIFUSDT,0.00005000
1745640000001,WIF,WIFUSDT,0.00005000
1745654400000,WIF,WIFUSDT,0.00002463
1745668800000,WIF,WIFUSDT,0.00005000
1745683200002,WIF,WIFUSDT,0.00005000
1745697600000,WIF,WIFUSDT,0.00005000
1745712000001,WIF,WIFUSDT,0.00004496
1745726400001,WIF,WIFUSDT,0.00005000
1745740800000,WIF,WIFUSDT,0.00005000
1745755200000,WIF,WIFUSDT,0.00005000
1745769600000,WIF,WIFUSDT,0.00005000
1745784000003,WIF,WIFUSDT,0.00004542
1745798400001,WIF,WIFUSDT,0.00000058
1745812800001,WIF,WIFUSDT,0.00005000
1745827200003,WIF,WIFUSDT,-0.00013702
1745841600000,WIF,WIFUSDT,-0.00008619
1745856000005,WIF,WIFUSDT,0.00005000
1745870400002,WIF,WIFUSDT,-0.00008480
1745884800000,WIF,WIFUSDT,-0.00003247
1745899200000,WIF,WIFUSDT,0.00002375
1745913600000,WIF,WIFUSDT,0.00001231
1745928000001,WIF,WIFUSDT,-0.00011035
1745942400010,WIF,WIFUSDT,-0.00006400
1745956800002,WIF,WIFUSDT,0.00005000
1745971200001,WIF,WIFUSDT,0.00005000
1745985600001,WIF,WIFUSDT,0.00005000
1746000000000,WIF,WIFUSDT,0.00005000
1746014400001,WIF,WIFUSDT,0.00005000
1746028800003,WIF,WIFUSDT,-0.00000254
1746043200002,WIF,WIFUSDT,0.00004258
1746057600000,WIF,WIFUSDT,0.00005000
1746072000008,WIF,WIFUSDT,0.00005000
1746086400000,WIF,WIFUSDT,0.00005000
1746100800001,WIF,WIFUSDT,0.00005000
1746115200001,WIF,WIFUSDT,-0.00002559
1746129600000,WIF,WIFUSDT,-0.00014361
1746144000000,WIF,WIFUSDT,0.00005000
1746158400000,WIF,WIFUSDT,-0.00002072
1746172800000,WIF,WIFUSDT,-0.00004972
1746187200005,WIF,WIFUSDT,-0.00018379
1746201600003,WIF,WIFUSDT,-0.00008346
1746216000003,WIF,WIFUSDT,0.00005000
1746230400000,WIF,WIFUSDT,0.00005000
1746244800001,WIF,WIFUSDT,0.00005000
1746259200000,WIF,WIFUSDT,-0.00020100
1746273600006,WIF,WIFUSDT,-0.00021128
1746288000000,WIF,WIFUSDT,-0.00024490
1746302400000,WIF,WIFUSDT,0.00001642
1746316800001,WIF,WIFUSDT,-0.00019727
1746331200004,WIF,WIFUSDT,-0.00025942
1746345600001,WIF,WIFUSDT,-0.00021223
1746360000006,WIF,WIFUSDT,0.00005000
1746374400002,WIF,WIFUSDT,0.00005000
1746388800000,WIF,WIFUSDT,0.00005000
1746403200000,WIF,WIFUSDT,0.00005000
1746417600000,WIF,WIFUSDT,0.00005000
1746432000000,WIF,WIFUSDT,0.00004912
1746446400000,WIF,WIFUSDT,0.00005000
1746460800006,WIF,WIFUSDT,0.00005000
1746475200000,WIF,WIFUSDT,0.00005000
1746489600002,WIF,WIFUSDT,0.00005000
1746504000000,WIF,WIFUSDT,0.00004360
1746518400005,WIF,WIFUSDT,0.00005000
1746532800000,WIF,WIFUSDT,-0.00004334
1746547200000,WIF,WIFUSDT,0.00005000
1746561600000,WIF,WIFUSDT,0.00005000
1746576000002,WIF,WIFUSDT,0.00005000
1746590400004,WIF,WIFUSDT,0.00005000
1746604800000,WIF,WIFUSDT,0.00005000
1746619200000,WIF,WIFUSDT,0.00005000
1746633600006,WIF,WIFUSDT,0.00001800
1746648000000,WIF,WIFUSDT,0.00005000
1746662400000,WIF,WIFUSDT,0.00005000
1746676800005,WIF,WIFUSDT,0.00005000
1746691200001,WIF,WIFUSDT,-0.00015215
1746705600000,WIF,WIFUSDT,0.00005000
1746720000002,WIF,WIFUSDT,0.00005000
1746734400006,WIF,WIFUSDT,0.00005000
1746748800001,WIF,WIFUSDT,0.00005000
1746763200000,WIF,WIFUSDT,0.00005000
1746777600006,WIF,WIFUSDT,0.00005000
1746792000000,WIF,WIFUSDT,0.00005000
1746806400000,WIF,WIFUSDT,0.00005000
1746820800000,WIF,WIFUSDT,0.00005000
1746835200001,WIF,WIFUSDT,0.00005000
1746849600003,WIF,WIFUSDT,0.00002173
1746864000000,WIF,WIFUSDT,0.00005000
1746878400000,WIF,WIFUSDT,0.00005000
1746892800001,WIF,WIFUSDT,0.00005000
1746907200000,WIF,WIFUSDT,0.00005000
1746921600000,WIF,WIFUSDT,0.00003729
1746936000000,WIF,WIFUSDT,0.00005000
1746950400001,WIF,WIFUSDT,0.00005000
1746964800001,WIF,WIFUSDT,0.00005000
1746979200001,WIF,WIFUSDT,0.00005000
1746993600000,WIF,WIFUSDT,0.00005000
1747008000004,WIF,WIFUSDT,0.00003527
1747022400003,WIF,WIFUSDT,0.00003803
1747036800000,WIF,WIFUSDT,0.00005000
1747051200000,WIF,WIFUSDT,0.00005000
1747065600000,WIF,WIFUSDT,0.00005000
1747080000004,WIF,WIFUSDT,0.00005000
1747094400000,WIF,WIFUSDT,-0.00011626
1747108800000,WIF,WIFUSDT,0.00005000
1747123200008,WIF,WIFUSDT,0.00005000
1747137600000,WIF,WIFUSDT,-0.00008842
1747152000001,WIF,WIFUSDT,0.00002488
1747166400006,WIF,WIFUSDT,-0.00005796
1747180800007,WIF,WIFUSDT,0.00003140
1747195200000,WIF,WIFUSDT,0.00005000
1747209600000,WIF,WIFUSDT,-0.00005502
1747224000000,WIF,WIFUSDT,-0.00009479
1747238400002,WIF,WIFUSDT,0.00002638
1747252800007,WIF,WIFUSDT,-0.00003845
1747267200000,WIF,WIFUSDT,0.00005000
1747281600000,WIF,WIFUSDT,0.00005000
1747296000003,WIF,WIFUSDT,0.00005000
1747310400000,WIF,WIFUSDT,0.00005000
1744732800001,JUP,JUPUSDT,-0.00001982
1744747200000,JUP,JUPUSDT,-0.00011012
1744761600000,JUP,JUPUSDT,-0.00003572
1744776000000,JUP,JUPUSDT,-0.00017308
1744790400000,JUP,JUPUSDT,0.00000515
1744804800000,JUP,JUPUSDT,0.00004519
1744819200000,JUP,JUPUSDT,-0.00012235
1744833600000,JUP,JUPUSDT,-0.00002155
1744848000001,JUP,JUPUSDT,0.00005000
1744862400000,JUP,JUPUSDT,0.00005000
1744876800000,JUP,JUPUSDT,0.00005000
1744891200000,JUP,JUPUSDT,-0.00007668
1744905600001,JUP,JUPUSDT,-0.00002510
1744920000001,JUP,JUPUSDT,0.00005000
1744934400000,JUP,JUPUSDT,0.00005000
1744948800000,JUP,JUPUSDT,0.00001747
1744963200000,JUP,JUPUSDT,0.00005000
1744977600000,JUP,JUPUSDT,0.00005000
1744992000000,JUP,JUPUSDT,0.00004528
1745006400000,JUP,JUPUSDT,0.00005000
1745020800000,JUP,JUPUSDT,0.00005000
1745035200000,JUP,JUPUSDT,0.00005000
1745049600000,JUP,JUPUSDT,0.00004823
1745064000000,JUP,JUPUSDT,0.00000584
1745078400000,JUP,JUPUSDT,0.00000415
1745092800000,JUP,JUPUSDT,0.00001341
1745107200000,JUP,JUPUSDT,0.00000590
1745121600000,JUP,JUPUSDT,-0.00000933
1745136000000,JUP,JUPUSDT,0.00003682
1745150400001,JUP,JUPUSDT,0.00005000
1745164800000,JUP,JUPUSDT,0.00005000
1745179200000,JUP,JUPUSDT,0.00005000
1745193600000,JUP,JUPUSDT,0.00005000
1745208000000,JUP,JUPUSDT,0.00005000
1745222400005,JUP,JUPUSDT,0.00005000
1745236800002,JUP,JUPUSDT,0.00001376
1745251200003,JUP,JUPUSDT,0.00005000
1745265600006,JUP,JUPUSDT,0.00005000
1745280000008,JUP,JUPUSDT,0.00005000
1745294400000,JUP,JUPUSDT,-0.00000740
1745308800000,JUP,JUPUSDT,-0.00006539
1745323200001,JUP,JUPUSDT,0.00005000
1745337600000,JUP,JUPUSDT,-0.00013453
1745352000004,JUP,JUPUSDT,0.00001554
1745366400000,JUP,JUPUSDT,0.00000669
1745380800000,JUP,JUPUSDT,-0.00009084
1745395200002,JUP,JUPUSDT,0.00001499
1745409600005,JUP,JUPUSDT,-0.00016106
1745424000000,JUP,JUPUSDT,0.00003982
1745438400001,JUP,JUPUSDT,0.00005000
1745452800000,JUP,JUPUSDT,0.00001233
1745467200003,JUP,JUPUSDT,0.00005000
1745481600001,JUP,JUPUSDT,0.00005000
1745496000001,JUP,JUPUSDT,0.00005000
1745510400001,JUP,JUPUSDT,0.00005000
1745524800006,JUP,JUPUSDT,0.00005000
1745539200007,JUP,JUPUSDT,0.00005000
1745553600001,JUP,JUPUSDT,0.00000552
1745568000002,JUP,JUPUSDT,0.00005000
1745582400000,JUP,JUPUSDT,0.00005000
1745596800003,JUP,JUPUSDT,0.00000191
1745611200001,JUP,JUPUSDT,0.00004767
1745625600002,JUP,JUPUSDT,0.00005000
1745640000001,JUP,JUPUSDT,0.00005000
1745654400000,JUP,JUPUSDT,0.00005000
1745668800000,JUP,JUPUSDT,0.00005000
1745683200002,JUP,JUPUSDT,0.00000414
1745697600000,JUP,JUPUSDT,0.00000543
1745712000001,JUP,JUPUSDT,-0.00005879
1745726400001,JUP,JUPUSDT,-0.00005320
1745740800000,JUP,JUPUSDT,-0.00008208
1745755200000,JUP,JUPUSDT,-0.00000076
1745769600000,JUP,JUPUSDT,-0.00000199
1745784000003,JUP,JUPUSDT,0.00000846
1745798400001,JUP,JUPUSDT,-0.00004365
1745812800001,JUP,JUPUSDT,0.00005000
1745827200003,JUP,JUPUSDT,0.00005000
1745841600000,JUP,JUPUSDT,0.00003064
1745856000005,JUP,JUPUSDT,0.00001240
1745870400002,JUP,JUPUSDT,0.00003308
1745884800000,JUP,JUPUSDT,0.00005000
1745899200000,JUP,JUPUSDT,0.00003140
1745913600000,JUP,JUPUSDT,0.00003640
1745928000001,JUP,JUPUSDT,-0.00012030
1745942400010,JUP,JUPUSDT,-0.00017033
1745956800002,JUP,JUPUSDT,0.00005000
1745971200001,JUP,JUPUSDT,0.00005000
1745985600001,JUP,JUPUSDT,0.00005000
1746000000000,JUP,JUPUSDT,0.00005000
1746014400001,JUP,JUPUSDT,0.00005000
1746028800003,JUP,JUPUSDT,0.00005000
1746043200002,JUP,JUPUSDT,0.00003527
1746057600000,JUP,JUPUSDT,0.00005000
1746072000008,JUP,JUPUSDT,0.00005000
1746086400000,JUP,JUPUSDT,0.00005000
1746100800001,JUP,JUPUSDT,0.00005000
1746115200001,JUP,JUPUSDT,0.00005000
1746129600000,JUP,JUPUSDT,0.00005000
1746144000000,JUP,JUPUSDT,0.00003987
1746158400000,JUP,JUPUSDT,0.00005000
1746172800000,JUP,JUPUSDT,0.00001946
1746187200005,JUP,JUPUSDT,0.00005000
1746201600003,JUP,JUPUSDT,0.00001746
1746216000003,JUP,JUPUSDT,0.00002447
1746230400000,JUP,JUPUSDT,0.00005000
1746244800001,JUP,JUPUSDT,0.00005000
1746259200000,JUP,JUPUSDT,-0.00004891
1746273600006,JUP,JUPUSDT,-0.00008422
1746288000000,JUP,JUPUSDT,-0.00008920
1746302400000,JUP,JUPUSDT,-0.00003892
1746316800001,JUP,JUPUSDT,-0.00009115
1746331200004,JUP,JUPUSDT,-0.00001887
1746345600001,JUP,JUPUSDT,-0.00016759
1746360000006,JUP,JUPUSDT,0.00001094
1746374400002,JUP,JUPUSDT,0.00002943
1746388800000,JUP,JUPUSDT,0.00004966
1746403200000,JUP,JUPUSDT,0.00005000
1746417600000,JUP,JUPUSDT,0.00005000
1746432000000,JUP,JUPUSDT,0.00001269
1746446400000,JUP,JUPUSDT,0.00000203
1746460800006,JUP,JUPUSDT,0.00005000
1746475200000,JUP,JUPUSDT,-0.00003850
1746489600002,JUP,JUPUSDT,-0.00002166
1746504000000,JUP,JUPUSDT,0.00005000
1746518400005,JUP,JUPUSDT,-0.00000104
1746532800000,JUP,JUPUSDT,-0.00004317
1746547200000,JUP,JUPUSDT,0.00001398
1746561600000,JUP,JUPUSDT,0.00001743
1746576000002,JUP,JUPUSDT,0.00005000
1746590400004,JUP,JUPUSDT,-0.00007367
1746604800000,JUP,JUPUSDT,-0.00003457
1746619200000,JUP,JUPUSDT,-0.00010156
1746633600006,JUP,JUPUSDT,-0.00000242
1746648000000,JUP,JUPUSDT,-0.00008211
1746662400000,JUP,JUPUSDT,0.00003260
1746676800005,JUP,JUPUSDT,0.00005000
1746691200001,JUP,JUPUSDT,0.00004858
1746705600000,JUP,JUPUSDT,0.00005000
1746720000002,JUP,JUPUSDT,0.00005000
1746734400006,JUP,JUPUSDT,0.00005000
1746748800001,JUP,JUPUSDT,0.00005000
1746763200000,JUP,JUPUSDT,0.00005000
1746777600006,JUP,JUPUSDT,0.00005000
1746792000000,JUP,JUPUSDT,0.00005000
1746806400000,JUP,JUPUSDT,0.00005000
1746820800000,JUP,JUPUSDT,0.00005000
1746835200001,JUP,JUPUSDT,0.00005000
1746849600003,JUP,JUPUSDT,0.00005000
1746864000000,JUP,JUPUSDT,0.00005000
1746878400000,JUP,JUPUSDT,0.00005000
1746892800001,JUP,JUPUSDT,-0.00006493
1746907200000,JUP,JUPUSDT,-0.00000108
1746921600000,JUP,JUPUSDT,-0.00000691
1746936000000,JUP,JUPUSDT,-0.00004068
1746950400001,JUP,JUPUSDT,0.00005000
1746964800001,JUP,JUPUSDT,-0.00002064
1746979200001,JUP,JUPUSDT,0.00002371
1746993600000,JUP,JUPUSDT,0.00001285
1747008000004,JUP,JUPUSDT,0.00005000
1747022400003,JUP,JUPUSDT,0.00005000
1747036800000,JUP,JUPUSDT,0.00005000
1747051200000,JUP,JUPUSDT,0.00000939
1747065600000,JUP,JUPUSDT,0.00005000
1747080000004,JUP,JUPUSDT,0.00004629
1747094400000,JUP,JUPUSDT,-0.00005009
1747108800000,JUP,JUPUSDT,0.00005000
1747123200008,JUP,JUPUSDT,0.00005000
1747137600000,JUP,JUPUSDT,-0.00001464
1747152000001,JUP,JUPUSDT,-0.00008898
1747166400006,JUP,JUPUSDT,0.00005000
1747180800007,JUP,JUPUSDT,0.00005000
1747195200000,JUP,JUPUSDT,0.00003288
1747209600000,JUP,JUPUSDT,-0.00010550
1747224000000,JUP,JUPUSDT,-0.00007434
1747238400002,JUP,JUPUSDT,-0.00002245
1747252800007,JUP,JUPUSDT,0.00005000
1747267200000,JUP,JUPUSDT,0.00005000
1747281600000,JUP,JUPUSDT,-0.00012149
1747296000003,JUP,JUPUSDT,-0.00004871
1747310400000,JUP,JUPUSDT,-0.00001145
1744732800001,ETH,ETHUSDT,0.00000335
1744761600000,ETH,ETHUSDT,0.00004294
1744790400000,ETH,ETHUSDT,-0.00002960
1744819200000,ETH,ETHUSDT,-0.00002514
1744848000001,ETH,ETHUSDT,0.00004479
1744876800000,ETH,ETHUSDT,0.00005184
1744905600001,ETH,ETHUSDT,-0.00001791
1744934400000,ETH,ETHUSDT,-0.00003125
1744963200000,ETH,ETHUSDT,0.00002747
1744992000000,ETH,ETHUSDT,-0.00001492
1745020800000,ETH,ETHUSDT,-0.00002388
1745049600000,ETH,ETHUSDT,0.00008846
1745078400000,ETH,ETHUSDT,0.00007189
1745107200000,ETH,ETHUSDT,0.00005765
1745136000000,ETH,ETHUSDT,0.00007724
1745164800000,ETH,ETHUSDT,-0.00005358
1745193600000,ETH,ETHUSDT,-0.00000124
1745222400005,ETH,ETHUSDT,0.00010000
1745251200003,ETH,ETHUSDT,0.00008017
1745280000008,ETH,ETHUSDT,-0.00003600
1745308800000,ETH,ETHUSDT,0.00000022
1745337600000,ETH,ETHUSDT,0.00008105
1745366400000,ETH,ETHUSDT,0.00006679
1745395200002,ETH,ETHUSDT,0.00009616
1745424000000,ETH,ETHUSDT,0.00010000
1745452800000,ETH,ETHUSDT,0.00010000
1745481600001,ETH,ETHUSDT,0.00007229
1745510400001,ETH,ETHUSDT,0.00000620
1745539200007,ETH,ETHUSDT,0.00005922
1745568000002,ETH,ETHUSDT,0.00007829
1745596800003,ETH,ETHUSDT,-0.00000965
1745625600002,ETH,ETHUSDT,0.00000830
1745654400000,ETH,ETHUSDT,-0.00002999
1745683200002,ETH,ETHUSDT,0.00000728
1745712000001,ETH,ETHUSDT,0.00005635
1745740800000,ETH,ETHUSDT,-0.00006737
1745769600000,ETH,ETHUSDT,-0.00003852
1745798400001,ETH,ETHUSDT,0.00000132
1745827200003,ETH,ETHUSDT,-0.00004703
1745856000005,ETH,ETHUSDT,-0.00008681
1745884800000,ETH,ETHUSDT,0.00008281
1745913600000,ETH,ETHUSDT,0.00005790
1745942400010,ETH,ETHUSDT,-0.00001396
1745971200001,ETH,ETHUSDT,-0.00007371
1746000000000,ETH,ETHUSDT,0.00000904
1746028800003,ETH,ETHUSDT,-0.00006069
1746057600000,ETH,ETHUSDT,0.00005430
1746086400000,ETH,ETHUSDT,0.00004500
1746115200001,ETH,ETHUSDT,0.00000723
1746144000000,ETH,ETHUSDT,-0.00000591
1746172800000,ETH,ETHUSDT,-0.00005797
1746201600003,ETH,ETHUSDT,-0.00000588
1746230400000,ETH,ETHUSDT,0.00004901
1746259200000,ETH,ETHUSDT,0.00001565
1746288000000,ETH,ETHUSDT,0.00002092
1746316800001,ETH,ETHUSDT,0.00006708
1746345600001,ETH,ETHUSDT,0.00003289
1746374400002,ETH,ETHUSDT,-0.00002670
1746403200000,ETH,ETHUSDT,0.00000181
1746432000000,ETH,ETHUSDT,0.00001998
1746460800006,ETH,ETHUSDT,0.00001194
1746489600002,ETH,ETHUSDT,0.00006899
1746518400005,ETH,ETHUSDT,-0.00001836
1746547200000,ETH,ETHUSDT,-0.00003589
1746576000002,ETH,ETHUSDT,0.00003273
1746604800000,ETH,ETHUSDT,0.00008548
1746633600006,ETH,ETHUSDT,-0.00000648
1746662400000,ETH,ETHUSDT,0.00004564
1746691200001,ETH,ETHUSDT,0.00010000
1746720000002,ETH,ETHUSDT,0.00008717
1746748800001,ETH,ETHUSDT,0.00010000
1746777600006,ETH,ETHUSDT,0.00010000
1746806400000,ETH,ETHUSDT,0.00010000
1746835200001,ETH,ETHUSDT,0.00010000
1746864000000,ETH,ETHUSDT,0.00009797
1746892800001,ETH,ETHUSDT,0.00009016
1746921600000,ETH,ETHUSDT,0.00010000
1746950400001,ETH,ETHUSDT,0.00007363
1746979200001,ETH,ETHUSDT,0.00002438
1747008000004,ETH,ETHUSDT,0.00007088
1747036800000,ETH,ETHUSDT,0.00010000
1747065600000,ETH,ETHUSDT,0.00005717
1747094400000,ETH,ETHUSDT,0.00006233
1747123200008,ETH,ETHUSDT,0.00010000
1747152000001,ETH,ETHUSDT,0.00010000
1747180800007,ETH,ETHUSDT,0.00010000
1747209600000,ETH,ETHUSDT,0.00005480
1747238400002,ETH,ETHUSDT,0.00004737
1747267200000,ETH,ETHUSDT,0.00010000
1747296000003,ETH,ETHUSDT,0.00010000
1744732800001,BTC,BTCUSDT,0.00001883
1744761600000,BTC,BTCUSDT,0.00002428
1744790400000,BTC,BTCUSDT,0.00006917
1744819200000,BTC,BTCUSDT,0.00001978
1744848000001,BTC,BTCUSDT,0.00001404
1744876800000,BTC,BTCUSDT,0.00005679
1744905600001,BTC,BTCUSDT,0.00003425
1744934400000,BTC,BTCUSDT,0.00001788
1744963200000,BTC,BTCUSDT,0.00007071
1744992000000,BTC,BTCUSDT,0.00002995
1745020800000,BTC,BTCUSDT,0.00002930
1745049600000,BTC,BTCUSDT,0.00006024
1745078400000,BTC,BTCUSDT,-0.00001953
1745107200000,BTC,BTCUSDT,-0.00000298
1745136000000,BTC,BTCUSDT,-0.00001078
1745164800000,BTC,BTCUSDT,-0.00002258
1745193600000,BTC,BTCUSDT,0.00005232
1745222400005,BTC,BTCUSDT,0.00005403
1745251200003,BTC,BTCUSDT,0.00001553
1745280000008,BTC,BTCUSDT,0.00007749
1745308800000,BTC,BTCUSDT,-0.00000744
1745337600000,BTC,BTCUSDT,-0.00007045
1745366400000,BTC,BTCUSDT,-0.00001389
1745395200002,BTC,BTCUSDT,0.00001374
1745424000000,BTC,BTCUSDT,0.00004587
1745452800000,BTC,BTCUSDT,-0.00002671
1745481600001,BTC,BTCUSDT,0.00005210
1745510400001,BTC,BTCUSDT,-0.00002165
1745539200007,BTC,BTCUSDT,-0.00001764
1745568000002,BTC,BTCUSDT,0.00000170
1745596800003,BTC,BTCUSDT,0.00000120
1745625600002,BTC,BTCUSDT,-0.00010085
1745654400000,BTC,BTCUSDT,-0.00002774
1745683200002,BTC,BTCUSDT,0.00002855
1745712000001,BTC,BTCUSDT,-0.00001500
1745740800000,BTC,BTCUSDT,-0.00000660
1745769600000,BTC,BTCUSDT,-0.00000421
1745798400001,BTC,BTCUSDT,0.00000373
1745827200003,BTC,BTCUSDT,0.00000246
1745856000005,BTC,BTCUSDT,-0.00005821
1745884800000,BTC,BTCUSDT,-0.00000773
1745913600000,BTC,BTCUSDT,0.00000413
1745942400010,BTC,BTCUSDT,0.00001305
1745971200001,BTC,BTCUSDT,-0.00005181
1746000000000,BTC,BTCUSDT,0.00002939
1746028800003,BTC,BTCUSDT,-0.00003797
1746057600000,BTC,BTCUSDT,0.00003519
1746086400000,BTC,BTCUSDT,0.00005755
1746115200001,BTC,BTCUSDT,-0.00008028
1746144000000,BTC,BTCUSDT,-0.00012232
1746172800000,BTC,BTCUSDT,-0.00009382
1746201600003,BTC,BTCUSDT,-0.00008689
1746230400000,BTC,BTCUSDT,-0.00005953
1746259200000,BTC,BTCUSDT,0.00003198
1746288000000,BTC,BTCUSDT,-0.00001483
1746316800001,BTC,BTCUSDT,0.00000370
1746345600001,BTC,BTCUSDT,0.00003229
1746374400002,BTC,BTCUSDT,0.00003745
1746403200000,BTC,BTCUSDT,-0.00002404
1746432000000,BTC,BTCUSDT,0.00003636
1746460800006,BTC,BTCUSDT,-0.00002247
1746489600002,BTC,BTCUSDT,0.00001978
1746518400005,BTC,BTCUSDT,0.00004440
1746547200000,BTC,BTCUSDT,0.00000757
1746576000002,BTC,BTCUSDT,0.00001218
1746604800000,BTC,BTCUSDT,-0.00000025
1746633600006,BTC,BTCUSDT,0.00001320
1746662400000,BTC,BTCUSDT,0.00002318
1746691200001,BTC,BTCUSDT,0.00004608
1746720000002,BTC,BTCUSDT,0.00005728
1746748800001,BTC,BTCUSDT,0.00010000
1746777600006,BTC,BTCUSDT,0.00010000
1746806400000,BTC,BTCUSDT,0.00004378
1746835200001,BTC,BTCUSDT,0.00009657
1746864000000,BTC,BTCUSDT,0.00010000
1746892800001,BTC,BTCUSDT,0.00004257
1746921600000,BTC,BTCUSDT,0.00010000
1746950400001,BTC,BTCUSDT,0.00004150
1746979200001,BTC,BTCUSDT,0.00010000
1747008000004,BTC,BTCUSDT,0.00004454
1747036800000,BTC,BTCUSDT,0.00010000
1747065600000,BTC,BTCUSDT,0.00002301
1747094400000,BTC,BTCUSDT,0.00006847
1747123200008,BTC,BTCUSDT,0.00010000
1747152000001,BTC,BTCUSDT,0.00007256
1747180800007,BTC,BTCUSDT,0.00009921
1747209600000,BTC,BTCUSDT,0.00007542
1747238400002,BTC,BTCUSDT,0.00003175
1747267200000,BTC,BTCUSDT,0.00002978
1747296000003,BTC,BTCUSDT,0.00005336
1744732800001,SOL,SOLUSDT,0.00001824
1744761600000,SOL,SOLUSDT,-0.00009158
1744790400000,SOL,SOLUSDT,-0.00003187
1744819200000,SOL,SOLUSDT,-0.00002327
1744848000001,SOL,SOLUSDT,0.00010000
1744876800000,SOL,SOLUSDT,0.00010000
1744905600001,SOL,SOLUSDT,0.00001614
1744934400000,SOL,SOLUSDT,0.00000184
1744963200000,SOL,SOLUSDT,-0.00001498
1744992000000,SOL,SOLUSDT,-0.00003334
1745020800000,SOL,SOLUSDT,-0.00005659
1745049600000,SOL,SOLUSDT,-0.00005634
1745078400000,SOL,SOLUSDT,-0.00013071
1745107200000,SOL,SOLUSDT,-0.00007971
1745136000000,SOL,SOLUSDT,-0.00016975
1745164800000,SOL,SOLUSDT,-0.00013544
1745193600000,SOL,SOLUSDT,-0.00019655
1745222400005,SOL,SOLUSDT,-0.00015490
1745251200003,SOL,SOLUSDT,-0.00010934
1745280000008,SOL,SOLUSDT,-0.00025936
1745308800000,SOL,SOLUSDT,0.00003362
1745337600000,SOL,SOLUSDT,0.00004549
1745366400000,SOL,SOLUSDT,0.00010000
1745395200002,SOL,SOLUSDT,-0.00003559
1745424000000,SOL,SOLUSDT,0.00006137
1745452800000,SOL,SOLUSDT,0.00010000
1745481600001,SOL,SOLUSDT,0.00010000
1745510400001,SOL,SOLUSDT,0.00005163
1745539200007,SOL,SOLUSDT,0.00010000
1745568000002,SOL,SOLUSDT,0.00010000
1745596800003,SOL,SOLUSDT,0.00001235
1745625600002,SOL,SOLUSDT,0.00001050
1745654400000,SOL,SOLUSDT,-0.00004023
1745683200002,SOL,SOLUSDT,-0.00007805
1745712000001,SOL,SOLUSDT,0.00001325
1745740800000,SOL,SOLUSDT,-0.00007219
1745769600000,SOL,SOLUSDT,0.00005977
1745798400001,SOL,SOLUSDT,-0.00002300
1745827200003,SOL,SOLUSDT,0.00005514
1745856000005,SOL,SOLUSDT,-0.00010338
1745884800000,SOL,SOLUSDT,-0.00016044
1745913600000,SOL,SOLUSDT,-0.00004373
1745942400010,SOL,SOLUSDT,0.00002238
1745971200001,SOL,SOLUSDT,-0.00006214
1746000000000,SOL,SOLUSDT,-0.00005841
1746028800003,SOL,SOLUSDT,-0.00015110
1746057600000,SOL,SOLUSDT,0.00004946
1746086400000,SOL,SOLUSDT,0.00008433
1746115200001,SOL,SOLUSDT,0.00000560
1746144000000,SOL,SOLUSDT,0.00002490
1746172800000,SOL,SOLUSDT,-0.00005683
1746201600003,SOL,SOLUSDT,-0.00005442
1746230400000,SOL,SOLUSDT,-0.00012523
1746259200000,SOL,SOLUSDT,-0.00003821
1746288000000,SOL,SOLUSDT,-0.00009958
1746316800001,SOL,SOLUSDT,-0.00000404
1746345600001,SOL,SOLUSDT,-0.00004138
1746374400002,SOL,SOLUSDT,-0.00012151
1746403200000,SOL,SOLUSDT,-0.00006756
1746432000000,SOL,SOLUSDT,0.00001617
1746460800006,SOL,SOLUSDT,-0.00009298
1746489600002,SOL,SOLUSDT,0.00006405
1746518400005,SOL,SOLUSDT,-0.00004546
1746547200000,SOL,SOLUSDT,-0.00002434
1746576000002,SOL,SOLUSDT,0.00008971
1746604800000,SOL,SOLUSDT,0.00003313
1746633600006,SOL,SOLUSDT,0.00006688
1746662400000,SOL,SOLUSDT,0.00002457
1746691200001,SOL,SOLUSDT,0.00005832
1746720000002,SOL,SOLUSDT,0.00009640
1746748800001,SOL,SOLUSDT,0.00010000
1746777600006,SOL,SOLUSDT,0.00010000
1746806400000,SOL,SOLUSDT,0.00010000
1746835200001,SOL,SOLUSDT,0.00010000
1746864000000,SOL,SOLUSDT,0.00010000
1746892800001,SOL,SOLUSDT,0.00010000
1746921600000,SOL,SOLUSDT,0.00010000
1746950400001,SOL,SOLUSDT,0.00010000
1746979200001,SOL,SOLUSDT,0.00005117
1747008000004,SOL,SOLUSDT,0.00003571
1747036800000,SOL,SOLUSDT,0.00006886
1747065600000,SOL,SOLUSDT,0.00010000
1747094400000,SOL,SOLUSDT,0.00008216
1747123200008,SOL,SOLUSDT,0.00010000
1747152000001,SOL,SOLUSDT,0.00004667
1747180800007,SOL,SOLUSDT,0.00010000
1747209600000,SOL,SOLUSDT,0.00010000
1747238400002,SOL,SOLUSDT,0.00002295
1747267200000,SOL,SOLUSDT,-0.00002267
1747296000003,SOL,SOLUSDT,0.00000924
1744732800001,W,WUSDT,0.00005000
1744747200000,W,WUSDT,0.00005000
1744761600000,W,WUSDT,0.00002647
1744776000000,W,WUSDT,0.00003570
1744790400000,W,WUSDT,0.00005000
1744804800000,W,WUSDT,0.00005000
1744819200000,W,WUSDT,-0.00001187
1744833600000,W,WUSDT,0.00001597
1744848000001,W,WUSDT,0.00004427
1744862400000,W,WUSDT,0.00005000
1744876800000,W,WUSDT,-0.00003812
1744891200000,W,WUSDT,-0.00001622
1744905600001,W,WUSDT,0.00001407
1744920000001,W,WUSDT,0.00001173
1744934400000,W,WUSDT,0.00005000
1744948800000,W,WUSDT,-0.00013813
1744963200000,W,WUSDT,-0.00008028
1744977600000,W,WUSDT,-0.00020762
1744992000000,W,WUSDT,0.00005000
1745006400000,W,WUSDT,0.00001963
1745020800000,W,WUSDT,0.00005000
1745035200000,W,WUSDT,0.00005000
1745049600000,W,WUSDT,0.00005000
1745064000000,W,WUSDT,-0.00001283
1745078400000,W,WUSDT,0.00005000
1745092800000,W,WUSDT,0.00005000
1745107200000,W,WUSDT,0.00005000
1745121600000,W,WUSDT,0.00005000
1745136000000,W,WUSDT,0.00005000
1745150400001,W,WUSDT,0.00005000
1745164800000,W,WUSDT,0.00005000
1745179200000,W,WUSDT,0.00005000
1745193600000,W,WUSDT,-0.00001590
1745208000000,W,WUSDT,0.00005000
1745222400005,W,WUSDT,0.00005000
1745236800002,W,WUSDT,-0.00096964
1745251200003,W,WUSDT,0.00005000
1745265600006,W,WUSDT,0.00005000
1745280000008,W,WUSDT,0.00005000
1745294400000,W,WUSDT,0.00005000
1745308800000,W,WUSDT,0.00005000
1745323200001,W,WUSDT,0.00005000
1745337600000,W,WUSDT,0.00005000
1745352000004,W,WUSDT,0.00005000
1745366400000,W,WUSDT,0.00005000
1745380800000,W,WUSDT,0.00005000
1745395200002,W,WUSDT,0.00005000
1745409600005,W,WUSDT,0.00005000
1745424000000,W,WUSDT,0.00005000
1745438400001,W,WUSDT,0.00005000
1745452800000,W,WUSDT,0.00005000
1745467200003,W,WUSDT,0.00005000
1745481600001,W,WUSDT,0.00005000
1745496000001,W,WUSDT,0.00005000
1745510400001,W,WUSDT,0.00005000
1745524800006,W,WUSDT,0.00005000
1745539200007,W,WUSDT,0.00005000
1745553600001,W,WUSDT,0.00005000
1745568000002,W,WUSDT,0.00005000
1745582400000,W,WUSDT,0.00005000
1745596800003,W,WUSDT,0.00005000
1745611200001,W,WUSDT,0.00005000
1745625600002,W,WUSDT,0.00005000
1745640000001,W,WUSDT,0.00005000
1745654400000,W,WUSDT,0.00005000
1745668800000,W,WUSDT,0.00005000
1745683200002,W,WUSDT,0.00005000
1745697600000,W,WUSDT,0.00005000
1745712000001,W,WUSDT,0.00005000
1745726400001,W,WUSDT,0.00003160
1745740800000,W,WUSDT,0.00003309
1745755200000,W,WUSDT,0.00005000
1745769600000,W,WUSDT,0.00005000
1745784000003,W,WUSDT,0.00005000
1745798400001,W,WUSDT,0.00005000
1745812800001,W,WUSDT,0.00005000
1745827200003,W,WUSDT,-0.00002445
1745841600000,W,WUSDT,0.00005000
1745856000005,W,WUSDT,0.00005000
1745870400002,W,WUSDT,0.00005000
1745884800000,W,WUSDT,0.00005000
1745899200000,W,WUSDT,0.00005000
1745913600000,W,WUSDT,0.00005000
1745928000001,W,WUSDT,0.00005000
1745942400010,W,WUSDT,-0.00000412
1745956800002,W,WUSDT,0.00005000
1745971200001,W,WUSDT,-0.00001258
1745985600001,W,WUSDT,0.00003825
1746000000000,W,WUSDT,0.00004162
1746014400001,W,WUSDT,0.00005000
1746028800003,W,WUSDT,0.00005000
1746043200002,W,WUSDT,0.00005000
1746057600000,W,WUSDT,0.00005000
1746072000008,W,WUSDT,-0.00000322
1746086400000,W,WUSDT,0.00005000
1746100800001,W,WUSDT,0.00002597
1746115200001,W,WUSDT,0.00005000
1746129600000,W,WUSDT,0.00005000
1746144000000,W,WUSDT,0.00002268
1746158400000,W,WUSDT,0.00000838
1746172800000,W,WUSDT,0.00003924
1746187200005,W,WUSDT,-0.00010661
1746201600003,W,WUSDT,0.00000748
1746216000003,W,WUSDT,0.00004805
1746230400000,W,WUSDT,0.00005000
1746244800001,W,WUSDT,0.00000987
1746259200000,W,WUSDT,-0.00006201
1746273600006,W,WUSDT,-0.00005563
1746288000000,W,WUSDT,-0.00021014
1746302400000,W,WUSDT,0.00003078
1746316800001,W,WUSDT,0.00005000
1746331200004,W,WUSDT,-0.00001743
1746345600001,W,WUSDT,0.00002952
1746360000006,W,WUSDT,0.00005000
1746374400002,W,WUSDT,-0.00002024
1746388800000,W,WUSDT,-0.00002558
1746403200000,W,WUSDT,0.00004664
1746417600000,W,WUSDT,0.00005000
1746432000000,W,WUSDT,-0.00000648
1746446400000,W,WUSDT,-0.00007574
1746460800006,W,WUSDT,0.00003995
1746475200000,W,WUSDT,-0.00003924
1746489600002,W,WUSDT,0.00005000
1746504000000,W,WUSDT,0.00002276
1746518400005,W,WUSDT,-0.00006605
1746532800000,W,WUSDT,-0.00006190
1746547200000,W,WUSDT,-0.00003705
1746561600000,W,WUSDT,-0.00008514
1746576000002,W,WUSDT,0.00000285
1746590400004,W,WUSDT,-0.00012372
1746604800000,W,WUSDT,0.00000293
1746619200000,W,WUSDT,-0.00009418
1746633600006,W,WUSDT,0.00000267
1746648000000,W,WUSDT,-0.00005628
1746662400000,W,WUSDT,0.00005000
1746676800005,W,WUSDT,0.00004210
1746691200001,W,WUSDT,-0.00001212
1746705600000,W,WUSDT,0.00000687
1746720000002,W,WUSDT,0.00003007
1746734400006,W,WUSDT,0.00005000
1746748800001,W,WUSDT,0.00005000
1746763200000,W,WUSDT,0.00005000
1746777600006,W,WUSDT,0.00005000
1746792000000,W,WUSDT,0.00005000
1746806400000,W,WUSDT,0.00005000
1746820800000,W,WUSDT,0.00005000
1746835200001,W,WUSDT,0.00005000
1746849600003,W,WUSDT,0.00005000
1746864000000,W,WUSDT,0.00005000
1746878400000,W,WUSDT,0.00005000
1746892800001,W,WUSDT,0.00005000
1746907200000,W,WUSDT,0.00005000
1746921600000,W,WUSDT,0.00005000
1746936000000,W,WUSDT,0.00005000
1746950400001,W,WUSDT,0.00005000
1746964800001,W,WUSDT,0.00005000
1746979200001,W,WUSDT,0.00005000
1746993600000,W,WUSDT,0.00005000
1747008000004,W,WUSDT,0.00005000
1747022400003,W,WUSDT,0.00005000
1747036800000,W,WUSDT,0.00005000
1747051200000,W,WUSDT,0.00005000
1747065600000,W,WUSDT,0.00005000
1747080000004,W,WUSDT,0.00005000
1747094400000,W,WUSDT,0.00005000
1747108800000,W,WUSDT,0.00005000
1747123200008,W,WUSDT,0.00005000
1747137600000,W,WUSDT,0.00005000
1747152000001,W,WUSDT,0.00005000
1747166400006,W,WUSDT,0.00005000
1747180800007,W,WUSDT,0.00005000
1747195200000,W,WUSDT,0.00005000
1747209600000,W,WUSDT,0.00005000
1747224000000,W,WUSDT,0.00005000
1747238400002,W,WUSDT,0.00005000
1747252800007,W,WUSDT,0.00005000
1747267200000,W,WUSDT,0.00005000
1747281600000,W,WUSDT,0.00005000
1747296000003,W,WUSDT,0.00005000
1747310400000,W,WUSDT,0.00005000
